source_object_id	archive_member_path	recording_id	asset_role	modality	expected_size_bytes	expected_sha256	availability	unavailable_reason
vidimu-dataset-archive	dataset/videoandimus/S40/S40_A01_T01.csv	S40_A01_T01	ANNOTATION	BODYTRACK_POSE	760507	fa2dfc8b961febdf33e6558a6e499a1b3df4553a863c5b5652616855607599d5	REQUIRED
vidimu-dataset-archive	dataset/videoandimus/S40/S40_A01_T01.raw	S40_A01_T01	IMU	INERTIAL_QUATERNION	3790941	acd69a5fabf570fc18d6fe0163241ff14cdb4d805aceeb50392bfe29f1a46990	REQUIRED
vidimu-dataset-archive	dataset/videoandimus/S40/S40_A02_T01.csv	S40_A02_T01	ANNOTATION	BODYTRACK_POSE	776667	02287d341515508d8f5c6c33ca7b57574224f6bb20a1cc43b278d0f4fb152b0a	REQUIRED
vidimu-dataset-archive	dataset/videoandimus/S40/S40_A02_T01.raw	S40_A02_T01	IMU	INERTIAL_QUATERNION	3888322	12a134dcc8ceabdb8b5215f7afea77955478ce8237544829d4e0b5d11e6e3015	REQUIRED
vidimu-dataset-archive	dataset/videoandimus/S40/S40_A03_T02.csv	S40_A03_T02	ANNOTATION	BODYTRACK_POSE	621013	1d535076d74c1bcbf3500121e574936ffe905acdee5748eda1a2f208ec9f85c3	REQUIRED
vidimu-dataset-archive	dataset/videoandimus/S40/S40_A03_T02.raw	S40_A03_T02	IMU	INERTIAL_QUATERNION	3153794	8a9abaa5b432efc1852cd3668eb85971ddf62c16300dec4e574c528333f30f4b	REQUIRED
vidimu-dataset-archive	dataset/videoandimus/S40/S40_A04_T02.csv	S40_A04_T02	ANNOTATION	BODYTRACK_POSE	354872	c0858e330abcec233e8f452c52500b939688b3a34de15aa11bc4638f33f745ba	REQUIRED
vidimu-dataset-archive	dataset/videoandimus/S40/S40_A04_T02.raw	S40_A04_T02	IMU	INERTIAL_QUATERNION	1820525	588d4c81ec69cb4738e6d799fd763b4d07192a59bf544715f28db57fee6e7206	REQUIRED
vidimu-dataset-archive	dataset/videoandimus/S40/S40_A05_T01.csv	S40_A05_T01	ANNOTATION	BODYTRACK_POSE	490568	4c989f5c59ca8e36a04b7f900f85ee4ed314c449896206f02c453f5f24f3f63e	REQUIRED
vidimu-dataset-archive	dataset/videoandimus/S40/S40_A05_T01.raw	S40_A05_T01	IMU	INERTIAL_QUATERNION	2382762	b2a900dbb84c64596264d9883b3983f6752cb1513ed3fd8d5e1727a63b1a7525	REQUIRED
vidimu-dataset-archive	dataset/videoandimus/S40/S40_A06_T01.csv	S40_A06_T01	ANNOTATION	BODYTRACK_POSE	396161	5cefad06244fa0fe9392c4753a79ac28c0199ad2a8e075be17111d21432b8619	REQUIRED
vidimu-dataset-archive	dataset/videoandimus/S40/S40_A06_T01.raw	S40_A06_T01	IMU	INERTIAL_QUATERNION	1979039	ac9cdbd7b68e2ad306bb6b5efeaa87526ff6cd9ac964ec2b94d5f19de47ffff9	REQUIRED
vidimu-dataset-archive	dataset/videoandimus/S40/S40_A07_T01.csv	S40_A07_T01	ANNOTATION	BODYTRACK_POSE	395076	bc378f777a6bc7c31eaf7b23792a697e80f4a1d8c4dd204530d16a3421247bb3	REQUIRED
vidimu-dataset-archive	dataset/videoandimus/S40/S40_A07_T01.raw	S40_A07_T01	IMU	INERTIAL_QUATERNION	1929031	11b7a3da26f364e0abbbc7e4561ad1def0727c743d8b51d2fb267c971b623754	REQUIRED
vidimu-dataset-archive	dataset/videoandimus/S40/S40_A08_T01.csv	S40_A08_T01	ANNOTATION	BODYTRACK_POSE	373970	d246cfb34ff86b1aee0ee70685e6802927bc8f9399795ecbde225203e792b308	REQUIRED
vidimu-dataset-archive	dataset/videoandimus/S40/S40_A08_T01.raw	S40_A08_T01	IMU	INERTIAL_QUATERNION	1811256	9eed63e7e6589689e72dd26972550777105c64b450f81e32e06c10139c79a2d0	REQUIRED
vidimu-dataset-archive	dataset/videoandimus/S40/S40_A09_T02.csv	S40_A09_T02	ANNOTATION	BODYTRACK_POSE	455960	c0384bdfa973de6548200ce5d266a78fa14804d51645cf33d2d7ecb6d9f7b072	REQUIRED
vidimu-dataset-archive	dataset/videoandimus/S40/S40_A09_T02.raw	S40_A09_T02	IMU	INERTIAL_QUATERNION	2200952	4c0e9d1175c0568e92ea879cd79e20e1c3a198126981b4116f5c5ee81cfe9995	REQUIRED
vidimu-dataset-archive	dataset/videoandimus/S40/S40_A10_T01.csv	S40_A10_T01	ANNOTATION	BODYTRACK_POSE	412408	2f320c54e833cee26bd6a0f3ccc450acf36b8327fa840617d8daf459f2d5c6f6	REQUIRED
vidimu-dataset-archive	dataset/videoandimus/S40/S40_A10_T01.raw	S40_A10_T01	IMU	INERTIAL_QUATERNION	1894250	1b39b40128007605174d200832063dc743c441823e58da406506e2c46ed50c4e	REQUIRED
vidimu-dataset-archive	dataset/videoandimus/S40/S40_A11_T01.csv	S40_A11_T01	ANNOTATION	BODYTRACK_POSE	308285	8be54acebe18b2a1fc13820afbe2e76fe0ecd36f7f15f1969a62cf8c1e5723c8	REQUIRED
vidimu-dataset-archive	dataset/videoandimus/S40/S40_A11_T01.raw	S40_A11_T01	IMU	INERTIAL_QUATERNION	1478830	5410da80841a69bbb2e43e3b6281b374b45773e443ed496f3b067250f7d14385	REQUIRED
vidimu-dataset-archive	dataset/videoandimus/S40/S40_A12_T01.csv	S40_A12_T01	ANNOTATION	BODYTRACK_POSE	334560	05e2042ebbfa6db4282188224fef0e4a05e4a48ec17878984bf78cafd84870e2	REQUIRED
vidimu-dataset-archive	dataset/videoandimus/S40/S40_A12_T01.raw	S40_A12_T01	IMU	INERTIAL_QUATERNION	1524448	9017ff12c424f3350cd6f9b4f55f9ef535ce9531b828a4afe11791a0a9c7ab39	REQUIRED
vidimu-dataset-archive	dataset/videoandimus/S40/S40_A13_T01.csv	S40_A13_T01	ANNOTATION	BODYTRACK_POSE	370961	375d31bce08681e4dd19d18d0ab9ac3ba76590b74ff4072c87d16742d4bf2a45	REQUIRED
vidimu-dataset-archive	dataset/videoandimus/S40/S40_A13_T01.raw	S40_A13_T01	IMU	INERTIAL_QUATERNION	1717649	9c2e2269efd55576b2026db67b7dcb9db33cfedd2ff6980531358a0ec6ffcb73	REQUIRED
vidimu-dataset-archive	dataset/videoandimus/S41/S41_A01_T02.csv	S41_A01_T02	ANNOTATION	BODYTRACK_POSE	797918	1ea3a62b745d670592f8080def2996627843f887046cad475daf7e24029e5590	REQUIRED
vidimu-dataset-archive	dataset/videoandimus/S41/S41_A01_T02.raw	S41_A01_T02	IMU	INERTIAL_QUATERNION	3859813	9ce3a3df7d84df64f8c5bf0c7bb000b596bd84c1d26bd8aa1561c13a2f9b81db	REQUIRED
vidimu-dataset-archive	dataset/videoandimus/S41/S41_A02_T01.csv	S41_A02_T01	ANNOTATION	BODYTRACK_POSE	850468	6101b6d7a281ba4b91994537071503a63903419082dbfcaf694c762389bf10e7	REQUIRED
vidimu-dataset-archive	dataset/videoandimus/S41/S41_A02_T01.raw	S41_A02_T01	IMU	INERTIAL_QUATERNION	4256660	6f5d24b363fee48456662f845ea4468bb5812eb750ebff169a506ef16e1206b3	REQUIRED
vidimu-dataset-archive	dataset/videoandimus/S41/S41_A03_T01.csv	S41_A03_T01	ANNOTATION	BODYTRACK_POSE	1165812	f86bcd998ae7c9e43c6394a6d277152fbccb34bbe6cd5a808f0dfeeb0541dddb	REQUIRED
vidimu-dataset-archive	dataset/videoandimus/S41/S41_A03_T01.raw	S41_A03_T01	IMU	INERTIAL_QUATERNION	5673639	35400c29d6f979bf97d37d43039433f20ac79af35b8b62fa2bc3591ccf17c810	REQUIRED
vidimu-dataset-archive	dataset/videoandimus/S41/S41_A04_T01.csv	S41_A04_T01	ANNOTATION	BODYTRACK_POSE	383275	c1bef10161c5b1444274a935ede1e13d2d2e7486096f257f6821cf6a9248d600	REQUIRED
vidimu-dataset-archive	dataset/videoandimus/S41/S41_A04_T01.raw	S41_A04_T01	IMU	INERTIAL_QUATERNION	2002057	92c45d47d46c5e4c88d73c2b090c777a334be736326c4612938e02f19f230e9d	REQUIRED
vidimu-dataset-archive	dataset/videoandimus/S41/S41_A05_T03.csv	S41_A05_T03	ANNOTATION	BODYTRACK_POSE	351644	fb607016a8a8cbe2a62fe22f084d99d1a1dd6f09f0185f60decb4b2b72e14674	REQUIRED
vidimu-dataset-archive	dataset/videoandimus/S41/S41_A05_T03.raw	S41_A05_T03	IMU	INERTIAL_QUATERNION	1779280	99b070e2cfacb87ccf8e6131ad3a8500adf55c119d3267e9b7bf6eda0a264212	REQUIRED
vidimu-dataset-archive	dataset/videoandimus/S41/S41_A06_T01.csv	S41_A06_T01	ANNOTATION	BODYTRACK_POSE	413201	b69ffc60b8d14a177445388a21531ff4dcee28ace210a05dabb35db039110abf	REQUIRED
vidimu-dataset-archive	dataset/videoandimus/S41/S41_A06_T01.raw	S41_A06_T01	IMU	INERTIAL_QUATERNION	2081109	98bf594a8c3eaf7cece24c9aa0a124f5ba3a48e82c90ba09a4ab5ee435616d51	REQUIRED
vidimu-dataset-archive	dataset/videoandimus/S41/S41_A07_T01.csv	S41_A07_T01	ANNOTATION	BODYTRACK_POSE	512488	52e031a5a1ea61f55ed1dea9ccd0270e0b3acaac849a04b9c70e8eccee73cc88	REQUIRED
vidimu-dataset-archive	dataset/videoandimus/S41/S41_A07_T01.raw	S41_A07_T01	IMU	INERTIAL_QUATERNION	2496281	b755989dce471c40f55065ee8ed0f20c0e2fc8fc7d4cc340675eac6bd7e3e66c	REQUIRED
vidimu-dataset-archive	dataset/videoandimus/S41/S41_A08_T01.csv	S41_A08_T01	ANNOTATION	BODYTRACK_POSE	468434	63a673d71be0193df88d40a4be9b15d471e98d80bacec778ef5e298db955ebf6	REQUIRED
vidimu-dataset-archive	dataset/videoandimus/S41/S41_A08_T01.raw	S41_A08_T01	IMU	INERTIAL_QUATERNION	2246112	dac1d3000853df0ec30b529eef0dae3e8ba701ebf78a129e52e36660214e4c67	REQUIRED
vidimu-dataset-archive	dataset/videoandimus/S41/S41_A09_T01.csv	S41_A09_T01	ANNOTATION	BODYTRACK_POSE	721266	9a706cf5368e3edfb46bcaf30c8c02ae32d56519a179cd7dc5f71fde0f555d7c	REQUIRED
vidimu-dataset-archive	dataset/videoandimus/S41/S41_A09_T01.raw	S41_A09_T01	IMU	INERTIAL_QUATERNION	3484134	494d2a0247c83ed61cd3a65207a85047d6017fdbd7cda9a10da2c600ac4d97a1	REQUIRED
vidimu-dataset-archive	dataset/videoandimus/S41/S41_A10_T01.csv	S41_A10_T01	ANNOTATION	BODYTRACK_POSE	404873	e5579fdf33ca504d4b36bc643285d468b2f6d6c2c1ec7e9fdb43c1c4a69d393d	REQUIRED
vidimu-dataset-archive	dataset/videoandimus/S41/S41_A10_T01.raw	S41_A10_T01	IMU	INERTIAL_QUATERNION	1992535	2244f10ac1fdc8a51634a33ef30e051ac4a415cfa3edcfbc430a8848bb42edcb	REQUIRED
vidimu-dataset-archive	dataset/videoandimus/S41/S41_A11_T02.csv	S41_A11_T02	ANNOTATION	BODYTRACK_POSE	360703	9e4eaf475c5483eb5de9f3d74c5b8dc59db838beba26cace848c81395a7457e8	REQUIRED
vidimu-dataset-archive	dataset/videoandimus/S41/S41_A11_T02.raw	S41_A11_T02	IMU	INERTIAL_QUATERNION	1410321	c69aab75bc3c74a29c1eaf560869821ac0284bfb80f7aa79bc6c81f686c44036	REQUIRED
vidimu-dataset-archive	dataset/videoandimus/S41/S41_A12_T02.csv	S41_A12_T02	ANNOTATION	BODYTRACK_POSE	346735	16739ed96d0da43ef0af98e7789011d4e6fe2328db82532260d95848d56839eb	REQUIRED
vidimu-dataset-archive	dataset/videoandimus/S41/S41_A12_T02.raw	S41_A12_T02	IMU	INERTIAL_QUATERNION	1637277	47c3a31d4e85cd75f173bec998a6500f82c8f4163f35c0a2101839a6c8e58972	REQUIRED
vidimu-dataset-archive	dataset/videoandimus/S41/S41_A13_T02.csv	S41_A13_T02	ANNOTATION	BODYTRACK_POSE	300628	d6dfcb3dc96e33eb9d826664a5114b6c0cc64eaa8163b819903536e42053267e	REQUIRED
vidimu-dataset-archive	dataset/videoandimus/S41/S41_A13_T02.raw	S41_A13_T02	IMU	INERTIAL_QUATERNION	1363898	296882ebf42f94db056ed98aadc5ff3cc7c6d6c116711c1b86f666d9f4ad043a	REQUIRED
vidimu-dataset-archive	dataset/videoandimus/S42/S42_A01_T01.csv	S42_A01_T01	ANNOTATION	BODYTRACK_POSE	871694	58f0468a816fd5fae576811c93c6d8ae621c9fd73e284810f018a310f5e26371	REQUIRED
vidimu-dataset-archive	dataset/videoandimus/S42/S42_A01_T01.raw	S42_A01_T01	IMU	INERTIAL_QUATERNION	3499408	5bcc7423ba7ccc1b9a31d2a64d02dfc7f189db1866d2746ba779ff8c1bdb1716	REQUIRED
vidimu-dataset-archive	dataset/videoandimus/S42/S42_A02_T02.csv	S42_A02_T02	ANNOTATION	BODYTRACK_POSE	1082044	eed5ef76ce3646553fbb6b5cff65effd9dbc5fdd2930a93d0219037bb48dff2f	REQUIRED
vidimu-dataset-archive	dataset/videoandimus/S42/S42_A02_T02.raw	S42_A02_T02	IMU	INERTIAL_QUATERNION	4381628	937ca8972757105f9bfdb491f51b6c9932e99cf315ffe8b6b2e8783b2cf74630	REQUIRED
vidimu-dataset-archive	dataset/videoandimus/S42/S42_A03_T01.csv	S42_A03_T01	ANNOTATION	BODYTRACK_POSE	911795	ad75e3efc0048b30b78e2f5c06063345b40f3644e5eb3ea58b02ed41dd6ef267	REQUIRED
vidimu-dataset-archive	dataset/videoandimus/S42/S42_A03_T01.raw	S42_A03_T01	IMU	INERTIAL_QUATERNION	3672209	b887cad4f20cfc0e9220cd2590f3d14bdfda8f39b94f3a4d61cd572c61672002	REQUIRED
vidimu-dataset-archive	dataset/videoandimus/S42/S42_A04_T02.csv	S42_A04_T02	ANNOTATION	BODYTRACK_POSE	486363	ea7f3c2f376ec32cfe2e830bebdb7bb816cf15d7b0957079d6c67a2089bb5d06	REQUIRED
vidimu-dataset-archive	dataset/videoandimus/S42/S42_A04_T02.raw	S42_A04_T02	IMU	INERTIAL_QUATERNION	2038610	df8dd6306e83da4be8300af2f095db9bb64f1d2a21194cc03874dfe6e64aa508	REQUIRED
vidimu-dataset-archive	dataset/videoandimus/S42/S42_A05_T02.csv	S42_A05_T02	ANNOTATION	BODYTRACK_POSE	577105	13f0012e0b7badb9840070c49ec49edc003e04c0b2aa9ac503da4cb7b9ee7f10	REQUIRED
vidimu-dataset-archive	dataset/videoandimus/S42/S42_A05_T02.raw	S42_A05_T02	IMU	INERTIAL_QUATERNION	2848890	85a057525acce8a39dbbd0840fb09bdd946d35d599146ab054351f237cfd75aa	REQUIRED
vidimu-dataset-archive	dataset/videoandimus/S42/S42_A06_T01.csv	S42_A06_T01	ANNOTATION	BODYTRACK_POSE	573337	6ff5173afebd47b0096ed4568a22ed1e8d709f01ddf4d914814fe821ff697c3b	REQUIRED
vidimu-dataset-archive	dataset/videoandimus/S42/S42_A06_T01.raw	S42_A06_T01	IMU	INERTIAL_QUATERNION	2799435	4fd3471217d7eac28c35933d6059f90356eb0317b14da057779a48600913fc03	REQUIRED
vidimu-dataset-archive	dataset/videoandimus/S42/S42_A07_T01.csv	S42_A07_T01	ANNOTATION	BODYTRACK_POSE	521611	609f7689fa0f87d836c4cbc1bb219e4ca74bb9c9e230a46185a7f375a759d76e	REQUIRED
vidimu-dataset-archive	dataset/videoandimus/S42/S42_A07_T01.raw	S42_A07_T01	IMU	INERTIAL_QUATERNION	2521279	4f000151b9423deca54d3daac4b54d5f42b10778525663efd4dc77f64f0be5bf	REQUIRED
vidimu-dataset-archive	dataset/videoandimus/S42/S42_A08_T01.csv	S42_A08_T01	ANNOTATION	BODYTRACK_POSE	516043	e37297286bb83fc97b3014745d9b8fcd6d7bb8c4d705f43089e56f5e9405389f	REQUIRED
vidimu-dataset-archive	dataset/videoandimus/S42/S42_A08_T01.raw	S42_A08_T01	IMU	INERTIAL_QUATERNION	2500013	775d82a0fce509790809b220dc77f5451de55087141f128bd775e5e29d3df78f	REQUIRED
vidimu-dataset-archive	dataset/videoandimus/S42/S42_A09_T01.csv	S42_A09_T01	ANNOTATION	BODYTRACK_POSE	614143	1695e5b29d83aaaac5ec406db43952ea345b3f33bf7e7a8ea5e1fe1e7f8df14e	REQUIRED
vidimu-dataset-archive	dataset/videoandimus/S42/S42_A09_T01.raw	S42_A09_T01	IMU	INERTIAL_QUATERNION	3012821	e97d02032e4869b04f6698b8884bb41e66c941324e439dd5d6546e2e4070377f	REQUIRED
vidimu-dataset-archive	dataset/videoandimus/S42/S42_A10_T02.csv	S42_A10_T02	ANNOTATION	BODYTRACK_POSE	416349	e264471f694e9642c7522af48d141be0d4e926daac8f5b77653e0d60dbc8a369	REQUIRED
vidimu-dataset-archive	dataset/videoandimus/S42/S42_A10_T02.raw	S42_A10_T02	IMU	INERTIAL_QUATERNION	1970144	0c95f647fc8e45e15ea113be352381e8c764dcf7b9734c07364e1a536fa90293	REQUIRED
vidimu-dataset-archive	dataset/videoandimus/S42/S42_A11_T01.csv	S42_A11_T01	ANNOTATION	BODYTRACK_POSE	313432	1bf68e95c409ea5d5862092ab28dc78a24f367cbdb5b1adc2dd6217cdcd5b51e	REQUIRED
vidimu-dataset-archive	dataset/videoandimus/S42/S42_A11_T01.raw	S42_A11_T01	IMU	INERTIAL_QUATERNION	1517193	84d9b045c7dba6d7b911435fb3b892cfb1d09babdfb41db852d38f0c1a703eda	REQUIRED
vidimu-dataset-archive	dataset/videoandimus/S42/S42_A12_T02.csv	S42_A12_T02	ANNOTATION	BODYTRACK_POSE	406982	03f983c57de39c2623a9bb2b01e3cef8dfef8adfc9d9eaf83de103310eda1c55	REQUIRED
vidimu-dataset-archive	dataset/videoandimus/S42/S42_A12_T02.raw	S42_A12_T02	IMU	INERTIAL_QUATERNION	1955582	333721bcd21cfba5e1d4a6739651dd67421a4751a2ccc6f32515adfccaee01fe	REQUIRED
vidimu-dataset-archive	dataset/videoandimus/S42/S42_A13_T02.csv	S42_A13_T02	ANNOTATION	BODYTRACK_POSE	237305	5f45f33ce7ac190b02c3c01932c2705385e5ea6e79591c901694e9833c811812	REQUIRED
vidimu-dataset-archive	dataset/videoandimus/S42/S42_A13_T02.raw	S42_A13_T02	IMU	INERTIAL_QUATERNION	1195026	38928fe92c4346375ff9a2168f6090ede49c453186d7cf46aa8a4aaffaa8be14	REQUIRED
vidimu-dataset-archive	dataset/videoandimus/S44/S44_A01_T01.csv	S44_A01_T01	ANNOTATION	BODYTRACK_POSE	1136224	3565bc1d2e9627822a23fd01470d5dfdb7fb57b44677c6eb2ee3dc3ff152e1bd	REQUIRED
vidimu-dataset-archive	dataset/videoandimus/S44/S44_A01_T01.raw	S44_A01_T01	IMU	INERTIAL_QUATERNION	5717960	390985fa48da28211e8e6a4051fb82ac20a808ed997ec357d9d493fa81871984	REQUIRED
vidimu-dataset-archive	dataset/videoandimus/S44/S44_A02_T01.csv	S44_A02_T01	ANNOTATION	BODYTRACK_POSE	1256783	c4658d4d18d7b0dd9d8c600722e2e6f4114da7c18d7b90e8caf7263aeeaa67f2	REQUIRED
vidimu-dataset-archive	dataset/videoandimus/S44/S44_A02_T01.raw	S44_A02_T01	IMU	INERTIAL_QUATERNION	6313332	46e7bc601dd382fc7566635f6be26854b0d2471b744e3242735011f4974fda48	REQUIRED
vidimu-dataset-archive	dataset/videoandimus/S44/S44_A03_T01.csv	S44_A03_T01	ANNOTATION	BODYTRACK_POSE	1074913	1a7e7f4262ef2c1a747af55e1b26fce1691b182eec2532ada3dbf7bf36e09d6a	REQUIRED
vidimu-dataset-archive	dataset/videoandimus/S44/S44_A03_T01.raw	S44_A03_T01	IMU	INERTIAL_QUATERNION	5428964	aa5d3a01ca9b2efee7c1495611ef51a0e2dce33b354f1ced2798c97e5a54f962	REQUIRED
vidimu-dataset-archive	dataset/videoandimus/S44/S44_A04_T01.csv	S44_A04_T01	ANNOTATION	BODYTRACK_POSE	563252	f66ce5b5af0a8edfe95d96353e3bcecf65fe1f16ff023b0d61920bbdc474d7b6	REQUIRED
vidimu-dataset-archive	dataset/videoandimus/S44/S44_A04_T01.raw	S44_A04_T01	IMU	INERTIAL_QUATERNION	2909641	93ffcbc73dc0df4f17418e3fe1dafaba92a6357c1416ed0ec0bb0364f442f980	REQUIRED
vidimu-dataset-archive	dataset/videoandimus/S44/S44_A05_T01.csv	S44_A05_T01	ANNOTATION	BODYTRACK_POSE	753715	f0069c6e15ca83fd024e4adc67d9a903e781e887c8d735c9422e33cef35ea368	REQUIRED
vidimu-dataset-archive	dataset/videoandimus/S44/S44_A05_T01.raw	S44_A05_T01	IMU	INERTIAL_QUATERNION	3738394	02e4852030cdfc5c1ca1110388065bb41b60c3b7ee60f5f11c15c689ff5decc4	REQUIRED
vidimu-dataset-archive	dataset/videoandimus/S44/S44_A06_T02.csv	S44_A06_T02	ANNOTATION	BODYTRACK_POSE	735471	e401d22d3b0cb047369fae04629ff0def768a26710e292493add5acecd2eab90	REQUIRED
vidimu-dataset-archive	dataset/videoandimus/S44/S44_A06_T02.raw	S44_A06_T02	IMU	INERTIAL_QUATERNION	3637228	9a3ed3c3f824d8250f61bf5a66490da7837963591311e53f4d584edd1c3e200f	REQUIRED
vidimu-dataset-archive	dataset/videoandimus/S44/S44_A07_T01.csv	S44_A07_T01	ANNOTATION	BODYTRACK_POSE	624548	4a1c1915fe501ab486737b50b961b5896bf90d3338dd7b283d36718b23bf9e43	REQUIRED
vidimu-dataset-archive	dataset/videoandimus/S44/S44_A07_T01.raw	S44_A07_T01	IMU	INERTIAL_QUATERNION	3121037	b8e4196cc3b3255288e1c4ce5bd64fdc4d452ec4e34d1076b35ba1e106e8aba0	REQUIRED
vidimu-dataset-archive	dataset/videoandimus/S44/S44_A08_T02.csv	S44_A08_T02	ANNOTATION	BODYTRACK_POSE	533111	164a4f2179f2a046895a2a15a71a68caeee39cce2e2985c1f944e12ba9cd4f7f	REQUIRED
vidimu-dataset-archive	dataset/videoandimus/S44/S44_A08_T02.raw	S44_A08_T02	IMU	INERTIAL_QUATERNION	2615668	f7e250c4982fe7abac5c1b4aaa1ce78c538e371295f8ec7d04eb7234f55c41c0	REQUIRED
vidimu-dataset-archive	dataset/videoandimus/S44/S44_A09_T02.csv	S44_A09_T02	ANNOTATION	BODYTRACK_POSE	548137	dba97a45d7636f53500380f9c6a1d67f1a12b8ffdbf112e997dcb9a175237de3	REQUIRED
vidimu-dataset-archive	dataset/videoandimus/S44/S44_A09_T02.raw	S44_A09_T02	IMU	INERTIAL_QUATERNION	2693984	f6b79a9b7599ae34b2e3327a9d4735228274697768c4f6103e4dfbd607cae903	REQUIRED
vidimu-dataset-archive	dataset/videoandimus/S44/S44_A10_T03.csv	S44_A10_T03	ANNOTATION	BODYTRACK_POSE	446628	4df5c17e2fb41e713199801d8843ad3b9b12d96e68d5bde5fcbf46cd1d7d4090	REQUIRED
vidimu-dataset-archive	dataset/videoandimus/S44/S44_A10_T03.raw	S44_A10_T03	IMU	INERTIAL_QUATERNION	2154324	f61ac6e00cd65a82a2f720e56525140aa3ab3f73caea4db1483327d7887da380	REQUIRED
vidimu-dataset-archive	dataset/videoandimus/S44/S44_A11_T01.csv	S44_A11_T01	ANNOTATION	BODYTRACK_POSE	418927	49c0b4dd7f20767c8e4637f49cf08524ee5997094adee0a9c46b4b147f52d74a	REQUIRED
vidimu-dataset-archive	dataset/videoandimus/S44/S44_A11_T01.raw	S44_A11_T01	IMU	INERTIAL_QUATERNION	2091893	51adc3c08e9eeedc0e9e85ec7619acfff6d5327187b32257bb3c1bfc4ac0a32d	REQUIRED
vidimu-dataset-archive	dataset/videoandimus/S44/S44_A12_T01.csv	S44_A12_T01	ANNOTATION	BODYTRACK_POSE	425457	5ccab17a1ecb9190e80c5da7f8b27ac1fb40bb3f905e8d5468bdfb2d14d87bb9	REQUIRED
vidimu-dataset-archive	dataset/videoandimus/S44/S44_A12_T01.raw	S44_A12_T01	IMU	INERTIAL_QUATERNION	2102044	d52673ea9a8d98eeca325853845c1815199c9d281396ccd24e1e1b17b2eb10e0	REQUIRED
vidimu-dataset-archive	dataset/videoandimus/S44/S44_A13_T01.csv	S44_A13_T01	ANNOTATION	BODYTRACK_POSE	493531	3c2ae368213be030e454572b65f554d445f7acdb1504ffed4f63602e99e1f2ba	REQUIRED
vidimu-dataset-archive	dataset/videoandimus/S44/S44_A13_T01.raw	S44_A13_T01	IMU	INERTIAL_QUATERNION	2376202	33b90b0fdefebbe65679ad85009f3041a6c9691e10108d0a831610649948fe1a	REQUIRED
vidimu-dataset-archive	dataset/videoandimus/S46/S46_A01_T01.csv	S46_A01_T01	ANNOTATION	BODYTRACK_POSE	645105	cf2e46196986173df6ef5fc080c87ef1e34820fb1786a72c636bc6c82910a605	REQUIRED
vidimu-dataset-archive	dataset/videoandimus/S46/S46_A01_T01.raw	S46_A01_T01	IMU	INERTIAL_QUATERNION	3282886	e3d7ccb9792bc831949265a28d9aea6466e7af4f0b2d17a6a54211668c9548bb	REQUIRED
vidimu-dataset-archive	dataset/videoandimus/S46/S46_A02_T02.csv	S46_A02_T02	ANNOTATION	BODYTRACK_POSE	898494	3c2b489cade3fe67d4713f7e7b1159674928686d72f5d3d698a20782e14a6546	REQUIRED
vidimu-dataset-archive	dataset/videoandimus/S46/S46_A02_T02.raw	S46_A02_T02	IMU	INERTIAL_QUATERNION	4555691	a48707659fdc4c0848a272bc24a8f81003064b105347b280238cfbc36c14921a	REQUIRED
vidimu-dataset-archive	dataset/videoandimus/S46/S46_A03_T02.csv	S46_A03_T02	ANNOTATION	BODYTRACK_POSE	725655	c061e2decfcafa5b1b8f8018f0187dc18445c866c10d32992baf23d785afc832	REQUIRED
vidimu-dataset-archive	dataset/videoandimus/S46/S46_A03_T02.raw	S46_A03_T02	IMU	INERTIAL_QUATERNION	3666446	ec26631885d00b681224fa024ef0ca8bef35999ddfb761ba5449af8ddf4c68e4	REQUIRED
vidimu-dataset-archive	dataset/videoandimus/S46/S46_A04_T01.csv	S46_A04_T01	ANNOTATION	BODYTRACK_POSE	384359	b37c8fdb41d6bbed68474eafd91d3b7f94378da02a6ba40e413a56b149581a2a	REQUIRED
vidimu-dataset-archive	dataset/videoandimus/S46/S46_A04_T01.raw	S46_A04_T01	IMU	INERTIAL_QUATERNION	2030275	c345a1f75129ef7b4c36955d3277332df6ca440c0afc8bcdb7b99517c0e03989	REQUIRED
vidimu-dataset-archive	dataset/videoandimus/S46/S46_A05_T01.csv	S46_A05_T01	ANNOTATION	BODYTRACK_POSE	568190	5b707ce78e28d6cbdf32a0c8353e1f3f164d420f3482cc8defdc3aeeb9bc19e0	REQUIRED
vidimu-dataset-archive	dataset/videoandimus/S46/S46_A05_T01.raw	S46_A05_T01	IMU	INERTIAL_QUATERNION	2788532	1edf62d615395e208dadefb6724ce6c5590214f1222f8c3dffbaa3c1c1b277bf	REQUIRED
vidimu-dataset-archive	dataset/videoandimus/S46/S46_A06_T01.csv	S46_A06_T01	ANNOTATION	BODYTRACK_POSE	503588	c9853751795623b87469019a26b5f7b70064a7afa9f3a5ab7059fb1de1538748	REQUIRED
vidimu-dataset-archive	dataset/videoandimus/S46/S46_A06_T01.raw	S46_A06_T01	IMU	INERTIAL_QUATERNION	2477439	77a6a0fe07e7b52b3557a2bf8acca3e332ef224c94eecf4f91afc47f50c203a7	REQUIRED
vidimu-dataset-archive	dataset/videoandimus/S46/S46_A07_T02.csv	S46_A07_T02	ANNOTATION	BODYTRACK_POSE	561842	0ce95e0ebb15ad51ea19b7d02b3ae23a993bb2e5347125137c5d457933e14d18	REQUIRED
vidimu-dataset-archive	dataset/videoandimus/S46/S46_A07_T02.raw	S46_A07_T02	IMU	INERTIAL_QUATERNION	2762739	19443c226dd025ae9b04bc1c9e0e10b449a3c8beeb3a800fbaf121afbdbaad0f	REQUIRED
vidimu-dataset-archive	dataset/videoandimus/S46/S46_A08_T01.csv	S46_A08_T01	ANNOTATION	BODYTRACK_POSE	510692	4610bdf2d867aaee64f303a46b0d21f08b8d2804310af7c62db1a693e93319a1	REQUIRED
vidimu-dataset-archive	dataset/videoandimus/S46/S46_A08_T01.raw	S46_A08_T01	IMU	INERTIAL_QUATERNION	2496189	d789a10a1b3f25c57c2158cc68a60a85069aeb1e2112624d7ad8408892528f54	REQUIRED
vidimu-dataset-archive	dataset/videoandimus/S46/S46_A09_T02.csv	S46_A09_T02	ANNOTATION	BODYTRACK_POSE	503349	d9038ee2d5ddf95f516b71d98f7023927f93e232f65c46ef6e6a0d8f54243f4b	REQUIRED
vidimu-dataset-archive	dataset/videoandimus/S46/S46_A09_T02.raw	S46_A09_T02	IMU	INERTIAL_QUATERNION	2400960	a8c254bb5a4572fad15bcc08e3c86edf69c8bdf4aebfc6adc0df106f285fbd07	REQUIRED
vidimu-dataset-archive	dataset/videoandimus/S46/S46_A10_T02.csv	S46_A10_T02	ANNOTATION	BODYTRACK_POSE	387634	8697a6637d8609427332c3378d627fdee2f4d78724754f999348ada00e0f2fca	REQUIRED
vidimu-dataset-archive	dataset/videoandimus/S46/S46_A10_T02.raw	S46_A10_T02	IMU	INERTIAL_QUATERNION	1916472	1016f5730a4291e8a5e27a6471bf0e291f6afbd7769e60b98ef61edd8699db18	REQUIRED
vidimu-dataset-archive	dataset/videoandimus/S46/S46_A11_T03.csv	S46_A11_T03	ANNOTATION	BODYTRACK_POSE	294290	15e0b7c8d97227f4276b13abe70c2e9347940ac29a1a09ac872b1e7502cea5aa	REQUIRED
vidimu-dataset-archive	dataset/videoandimus/S46/S46_A11_T03.raw	S46_A11_T03	IMU	INERTIAL_QUATERNION	1458526	58d9b21706cb4cc02a65d07c2ede71cbd49b7fd7033af29a41ed78cbaffaaa6b	REQUIRED
vidimu-dataset-archive	dataset/videoandimus/S46/S46_A12_T02.csv	S46_A12_T02	ANNOTATION	BODYTRACK_POSE	341139	a384cf338506c923281ed8c654296851630eb6dbd5e4843b3b049c7756bffc6d	REQUIRED
vidimu-dataset-archive	dataset/videoandimus/S46/S46_A12_T02.raw	S46_A12_T02	IMU	INERTIAL_QUATERNION	1665174	213ade7d7e24c09391c20d7e0016bf3da302728cd3b04f2c8f4474231bbb8afe	REQUIRED
vidimu-dataset-archive	dataset/videoandimus/S46/S46_A13_T01.csv	S46_A13_T01	ANNOTATION	BODYTRACK_POSE	211721	6e15d64789326dd4f15f7a035d62719f4500719eb79736ba587a7f26e57e799b	REQUIRED
vidimu-dataset-archive	dataset/videoandimus/S46/S46_A13_T01.raw	S46_A13_T01	IMU	INERTIAL_QUATERNION	1041222	374e85cc7e0fa00ee4933d83946416f3b1ec8c105174890c50dd23fda5c3b657	REQUIRED
vidimu-dataset-archive	dataset/videoandimus/S47/S47_A01_T01.csv	S47_A01_T01	ANNOTATION	BODYTRACK_POSE	1111844	5532d62d5025e059664adda62f6d532cd0c178055ecfb5a8a591a7b7b312cb75	REQUIRED
vidimu-dataset-archive	dataset/videoandimus/S47/S47_A01_T01.raw	S47_A01_T01	IMU	INERTIAL_QUATERNION	5574968	53ecf32271e1a98cda74a632a8f0dd0d9859e55a32237b2d1b79852c61f1056c	REQUIRED
vidimu-dataset-archive	dataset/videoandimus/S47/S47_A02_T02.csv	S47_A02_T02	ANNOTATION	BODYTRACK_POSE	1068562	d7af33c04ddbff64e1378d0bdafa022a5520e93e2cf4b358217505f4c1a48316	REQUIRED
vidimu-dataset-archive	dataset/videoandimus/S47/S47_A02_T02.raw	S47_A02_T02	IMU	INERTIAL_QUATERNION	5391986	15a455739291e310a029ddb9217ae022cb647c19f55e9a6c40666eb4439d078c	REQUIRED
vidimu-dataset-archive	dataset/videoandimus/S47/S47_A03_T02.csv	S47_A03_T02	ANNOTATION	BODYTRACK_POSE	873543	0c946042c7ba3d384111e9ee1cca95a3726cf37844421ed0a3e7c5eb957d1d77	REQUIRED
vidimu-dataset-archive	dataset/videoandimus/S47/S47_A03_T02.raw	S47_A03_T02	IMU	INERTIAL_QUATERNION	4403494	97046a153b3ac32269a90d928ee78a3108de68cceeee75594d708a73349e22ed	REQUIRED
vidimu-dataset-archive	dataset/videoandimus/S47/S47_A04_T02.csv	S47_A04_T02	ANNOTATION	BODYTRACK_POSE	396598	37f36bbc4727e08608f37f65f997704dab104f366c1a77572e633ad87e2fbcf4	REQUIRED
vidimu-dataset-archive	dataset/videoandimus/S47/S47_A04_T02.raw	S47_A04_T02	IMU	INERTIAL_QUATERNION	2085166	45875d0645974fdeddc750b9a008755253b9034fa5de70321d305cc4fe2596b2	REQUIRED
vidimu-dataset-archive	dataset/videoandimus/S47/S47_A05_T02.csv	S47_A05_T02	ANNOTATION	BODYTRACK_POSE	634364	ca46b45449e085c447fc9ee90e49c8dc7685e104843272e64480f1a998384f82	REQUIRED
vidimu-dataset-archive	dataset/videoandimus/S47/S47_A05_T02.raw	S47_A05_T02	IMU	INERTIAL_QUATERNION	3172743	765efaadc8576167721f6c7ad6e3fb158b5469fac1c49eb77e69f10215c54085	REQUIRED
vidimu-dataset-archive	dataset/videoandimus/S47/S47_A06_T01.csv	S47_A06_T01	ANNOTATION	BODYTRACK_POSE	646568	607df6aba13c5f595a6832364a8d56ac3f1019d08e5ddb3e71dffbeb58c4c26a	REQUIRED
vidimu-dataset-archive	dataset/videoandimus/S47/S47_A06_T01.raw	S47_A06_T01	IMU	INERTIAL_QUATERNION	3209068	02cd3aea7e23d6365088986923a2a31e4708b9c1fd249b459dbe17e02c4f978d	REQUIRED
vidimu-dataset-archive	dataset/videoandimus/S47/S47_A07_T02.csv	S47_A07_T02	ANNOTATION	BODYTRACK_POSE	456620	ba1fe453c3ce07c642a11e3d88f7314e5a908cd578abd19236148f06562c5141	REQUIRED
vidimu-dataset-archive	dataset/videoandimus/S47/S47_A07_T02.raw	S47_A07_T02	IMU	INERTIAL_QUATERNION	2262180	51effd9b641c63408297f14eb73329cf3921aeee80dec8839c64c2413e00faed	REQUIRED
vidimu-dataset-archive	dataset/videoandimus/S47/S47_A08_T01.csv	S47_A08_T01	ANNOTATION	BODYTRACK_POSE	481346	0b7de18c38dbf90dcf04fb559dc0fc0960798ed1b51f657b46666510eebed0cb	REQUIRED
vidimu-dataset-archive	dataset/videoandimus/S47/S47_A08_T01.raw	S47_A08_T01	IMU	INERTIAL_QUATERNION	2374669	7e936eb0e4850dca5110cbf3613a95342ae967de1819ca4a52b5167ccd8c72b7	REQUIRED
vidimu-dataset-archive	dataset/videoandimus/S47/S47_A09_T02.csv	S47_A09_T02	ANNOTATION	BODYTRACK_POSE	432347	b45f17cb2d1e5f89c7725023e5a24b61d22f37750593345b4900af90f3dbb6da	REQUIRED
vidimu-dataset-archive	dataset/videoandimus/S47/S47_A09_T02.raw	S47_A09_T02	IMU	INERTIAL_QUATERNION	2128829	fd53929365d8a5ab707f837dc0cece5c2ce19456a6f307b8c9a3a4b2466360d6	REQUIRED
vidimu-dataset-archive	dataset/videoandimus/S47/S47_A10_T02.csv	S47_A10_T02	ANNOTATION	BODYTRACK_POSE	394172	1d6a1397d4f518f94eb90bbdfe65e0397d47f8bf6bf3fcc6eac1086de4635613	REQUIRED
vidimu-dataset-archive	dataset/videoandimus/S47/S47_A10_T02.raw	S47_A10_T02	IMU	INERTIAL_QUATERNION	1860755	ad5b81e98993e2c4e14787e9fc15488b3e0ad6be96654526bdf50800cc52b168	REQUIRED
vidimu-dataset-archive	dataset/videoandimus/S47/S47_A11_T02.csv	S47_A11_T02	ANNOTATION	BODYTRACK_POSE	269951	9a56a50269434110e01c1444d387092a0c1e2bc3208a6da5e6b1a08d1897a016	REQUIRED
vidimu-dataset-archive	dataset/videoandimus/S47/S47_A11_T02.raw	S47_A11_T02	IMU	INERTIAL_QUATERNION	1326434	2569820672b09e01097d62724346de4534c1642d6f4f8b5bea9a49e570b7c0ea	REQUIRED
vidimu-dataset-archive	dataset/videoandimus/S47/S47_A12_T02.csv	S47_A12_T02	ANNOTATION	BODYTRACK_POSE	331963	ccb5a410e1ef8ec6eb73393f1de5613e5ca6ea81482f24c5b64f076728d0cff6	REQUIRED
vidimu-dataset-archive	dataset/videoandimus/S47/S47_A12_T02.raw	S47_A12_T02	IMU	INERTIAL_QUATERNION	1569036	fb960d04460fedda997653e550d290352c7f68b91113610ede1625adf531df6a	REQUIRED
vidimu-dataset-archive	dataset/videoandimus/S47/S47_A13_T02.csv	S47_A13_T02	ANNOTATION	BODYTRACK_POSE	233312	9ae2dc9770d2d3c3df57307c74e46f964cc83c3fe0477e2446aaeeaea70f08df	REQUIRED
vidimu-dataset-archive	dataset/videoandimus/S47/S47_A13_T02.raw	S47_A13_T02	IMU	INERTIAL_QUATERNION	1135896	1cc5dd3a834e534a8c0b0d2e1ca8da0cb8be3d246b3fffe83345d610ded3d12b	REQUIRED
vidimu-dataset-archive	dataset/videoandimus/S48/S48_A01_T01.csv	S48_A01_T01	ANNOTATION	BODYTRACK_POSE	992011	1057e6e1eae5f969dd76e5f9cfb185afdce0ec2f3372c5cbe0e004a665a4f55f	REQUIRED
vidimu-dataset-archive	dataset/videoandimus/S48/S48_A01_T01.raw	S48_A01_T01	IMU	INERTIAL_QUATERNION	5095617	1d3610129bd759477ee0d2e08598500b474801966556f1d9843a07cf1e2e2806	REQUIRED
vidimu-dataset-archive	dataset/videoandimus/S48/S48_A02_T02.csv	S48_A02_T02	ANNOTATION	BODYTRACK_POSE	1299726	c5f098fabb9692e8e54d6e5f0052246a008fe7f6f78f38e7939a3b4b397c6d7d	REQUIRED
vidimu-dataset-archive	dataset/videoandimus/S48/S48_A02_T02.raw	S48_A02_T02	IMU	INERTIAL_QUATERNION	6593324	e2049caa62d5752ff2b2129f086bb33b85e780b8732ddcd02b6ded8e095e0991	REQUIRED
vidimu-dataset-archive	dataset/videoandimus/S48/S48_A03_T02.csv	S48_A03_T02	ANNOTATION	BODYTRACK_POSE	969704	2f9d7c35540eb0c28e3bee4d18a8d567bce8048f791e719acf8b381fa79703d0	REQUIRED
vidimu-dataset-archive	dataset/videoandimus/S48/S48_A03_T02.raw	S48_A03_T02	IMU	INERTIAL_QUATERNION	4943552	c0524bb9de375fc85fb430002407e763a52c05f61209d0f6f9779c1fb486d345	REQUIRED
vidimu-dataset-archive	dataset/videoandimus/S48/S48_A04_T01.csv	S48_A04_T01	ANNOTATION	BODYTRACK_POSE	571395	ad3082cde2574cf76aecd555a54167e42a8d7d4fd0cf74b60bac983deef162e8	REQUIRED
vidimu-dataset-archive	dataset/videoandimus/S48/S48_A04_T01.raw	S48_A04_T01	IMU	INERTIAL_QUATERNION	2996125	081572288fe5d98572f5be9d34d90ca1c994a7b361d44c97cb3d00861c0c62e8	REQUIRED
vidimu-dataset-archive	dataset/videoandimus/S48/S48_A05_T02.csv	S48_A05_T02	ANNOTATION	BODYTRACK_POSE	858408	183a386eecba55b4297834285cb4c5ea1412b8b3c574ad0f1a14e0f6127197db	REQUIRED
vidimu-dataset-archive	dataset/videoandimus/S48/S48_A05_T02.raw	S48_A05_T02	IMU	INERTIAL_QUATERNION	4301794	5b8d245c96ba7aaaeb5f75845a6f3b6f9ac7ae2403b1a5509e9acce2ef2dfecf	REQUIRED
vidimu-dataset-archive	dataset/videoandimus/S48/S48_A06_T02.csv	S48_A06_T02	ANNOTATION	BODYTRACK_POSE	733188	ce7f8c0d66e70cec11108b361bc77a79de015d95709452253ddf743b7f8f5f43	REQUIRED
vidimu-dataset-archive	dataset/videoandimus/S48/S48_A06_T02.raw	S48_A06_T02	IMU	INERTIAL_QUATERNION	3700943	85457ce5eb9bede9738b44de868315bafe8b26a84a98c02910403759eb5a8dc9	REQUIRED
vidimu-dataset-archive	dataset/videoandimus/S48/S48_A07_T02.csv	S48_A07_T02	ANNOTATION	BODYTRACK_POSE	529343	eea57f42700ed28b70e3922786d94e5f93d4996639b4d773c6de06009af32bc8	REQUIRED
vidimu-dataset-archive	dataset/videoandimus/S48/S48_A07_T02.raw	S48_A07_T02	IMU	INERTIAL_QUATERNION	2678426	c6aa58c6e62ed5876298746d089687e714ce3b69199bb7dfe3b1d1075735429b	REQUIRED
vidimu-dataset-archive	dataset/videoandimus/S48/S48_A08_T01.csv	S48_A08_T01	ANNOTATION	BODYTRACK_POSE	522389	b694a36cd724743f617a74767311a5a6fb4a63b5cf0d95bc415d9a9204040ed4	REQUIRED
vidimu-dataset-archive	dataset/videoandimus/S48/S48_A08_T01.raw	S48_A08_T01	IMU	INERTIAL_QUATERNION	2624663	b1f974e929caa6baf841ede862d6d18aa6c9fb5a1777d1063b57d4c81cb9ecf8	REQUIRED
vidimu-dataset-archive	dataset/videoandimus/S48/S48_A09_T01.csv	S48_A09_T01	ANNOTATION	BODYTRACK_POSE	479796	2b62f29d1af6567518aba041e2b6244a87f3be4a83ddf03bb239b185d493fd4a	REQUIRED
vidimu-dataset-archive	dataset/videoandimus/S48/S48_A09_T01.raw	S48_A09_T01	IMU	INERTIAL_QUATERNION	2390711	1e1daee59206b436d67af685a98f92e5c0045913dd1bc3fcf33b7bb90f5adb93	REQUIRED
vidimu-dataset-archive	dataset/videoandimus/S48/S48_A10_T02.csv	S48_A10_T02	ANNOTATION	BODYTRACK_POSE	453695	68b8f23e39cd115c2f87805b967c3f96face30434b7e12e924ad64d8499d2272	REQUIRED
vidimu-dataset-archive	dataset/videoandimus/S48/S48_A10_T02.raw	S48_A10_T02	IMU	INERTIAL_QUATERNION	2086829	f6fafeac70a9421cdd383c156b74b5aeb3048ae7ae83e8cd459ace5ff29928f5	REQUIRED
vidimu-dataset-archive	dataset/videoandimus/S48/S48_A11_T02.csv	S48_A11_T02	ANNOTATION	BODYTRACK_POSE	269442	de669e26dcd60cb4cb73f0e120006b2ac742f0ee209431ab683fe263abecc05a	REQUIRED
vidimu-dataset-archive	dataset/videoandimus/S48/S48_A11_T02.raw	S48_A11_T02	IMU	INERTIAL_QUATERNION	1363318	398b397b64139bbb429a3f317785b83bf639939f3bb1087c2feae553ec0c66b6	REQUIRED
vidimu-dataset-archive	dataset/videoandimus/S48/S48_A12_T02.csv	S48_A12_T02	ANNOTATION	BODYTRACK_POSE	356021	dcd273bc9f7964cbf1055b05a75e942bb4a9d8d858880f6e05896222d782f631	REQUIRED
vidimu-dataset-archive	dataset/videoandimus/S48/S48_A12_T02.raw	S48_A12_T02	IMU	INERTIAL_QUATERNION	1821584	5cd434d16400d8edcb35f8d72cb2495874b42c24f89434e93f2a7af26d627140	REQUIRED
vidimu-dataset-archive	dataset/videoandimus/S48/S48_A13_T02.csv	S48_A13_T02	ANNOTATION	BODYTRACK_POSE	309656	b61728b53fd845beab05551b2533eaa9837eb93f4c6d9eb3201f1247a89dad3d	REQUIRED
vidimu-dataset-archive	dataset/videoandimus/S48/S48_A13_T02.raw	S48_A13_T02	IMU	INERTIAL_QUATERNION	1528254	8edac8dceab4eaf4d65f285deb3854c330b83917cd758bf6a7bd13ef24052785	REQUIRED
vidimu-dataset-archive	dataset/videoandimus/S49/S49_A01_T02.csv	S49_A01_T02	ANNOTATION	BODYTRACK_POSE	874998	c6ff4bdb143c34323e6cf1175fa10f4fee2b34ef942c89c0dbb00185b135ef83	REQUIRED
vidimu-dataset-archive	dataset/videoandimus/S49/S49_A01_T02.raw	S49_A01_T02	IMU	INERTIAL_QUATERNION	3664298	cd94a34335ab34f6ddefca2022a1e65bb2931e261615a27cf95202284b5cc81d	REQUIRED
vidimu-dataset-archive	dataset/videoandimus/S49/S49_A02_T01.csv	S49_A02_T01	ANNOTATION	BODYTRACK_POSE	1444313	16064378ee1cc59163e147de624611c1845a72edea336f122d66d7fc8a9b43ce	REQUIRED
vidimu-dataset-archive	dataset/videoandimus/S49/S49_A02_T01.raw	S49_A02_T01	IMU	INERTIAL_QUATERNION	5999749	d3ee7b2ebd183ea7742281d60b701688b7e1798d034f089c99c975ccc02916db	REQUIRED
vidimu-dataset-archive	dataset/videoandimus/S49/S49_A03_T01.csv	S49_A03_T01	ANNOTATION	BODYTRACK_POSE	980479	839ca729ba5387b2be60b4d43bc88ce3fcdf59c35a110828ddd1d7ace18df9ea	REQUIRED
vidimu-dataset-archive	dataset/videoandimus/S49/S49_A03_T01.raw	S49_A03_T01	IMU	INERTIAL_QUATERNION	4030932	8c0083ac6f0f289f9498bf1c95c19d2ea34e420cc0f0c570e57e6ce90b593359	REQUIRED
vidimu-dataset-archive	dataset/videoandimus/S49/S49_A04_T01.csv	S49_A04_T01	ANNOTATION	BODYTRACK_POSE	512293	2d11024f84cf1033e9e1d30ba4c53b0d789d233ac6eeb6a5ebbf6a244fb0c32a	REQUIRED
vidimu-dataset-archive	dataset/videoandimus/S49/S49_A04_T01.raw	S49_A04_T01	IMU	INERTIAL_QUATERNION	2221917	d02aec49d0dce6457e0f9c179b0692b4efa0fa1d4593dbddfb4e8bd1a1aa5422	REQUIRED
vidimu-dataset-archive	dataset/videoandimus/S49/S49_A05_T01.csv	S49_A05_T01	ANNOTATION	BODYTRACK_POSE	659984	08e91a52ab870357c11b5d48c6d18303a15169b8ea03f733ac34ed159f92c293	REQUIRED
vidimu-dataset-archive	dataset/videoandimus/S49/S49_A05_T01.raw	S49_A05_T01	IMU	INERTIAL_QUATERNION	2791774	068266ce06a6171bb0aa3946ea9695d7dca0efd5fce9656257dc5bd5d767b66f	REQUIRED
vidimu-dataset-archive	dataset/videoandimus/S49/S49_A06_T02.csv	S49_A06_T02	ANNOTATION	BODYTRACK_POSE	591140	284339c1845d8a05e83e8318e87dafb7c81dac2e4136bfbec11397d31ce50bfb	REQUIRED
vidimu-dataset-archive	dataset/videoandimus/S49/S49_A06_T02.raw	S49_A06_T02	IMU	INERTIAL_QUATERNION	2464317	c5a638a437fad3ea03e8c363b6fccc8a2ff2dc300d7d72446d1f847ff1a783b3	REQUIRED
vidimu-dataset-archive	dataset/videoandimus/S49/S49_A07_T02.csv	S49_A07_T02	ANNOTATION	BODYTRACK_POSE	464560	ce4de3b66fcda53267ec1a5349ec1a18e71355d14e59c137bb5011123784e228	REQUIRED
vidimu-dataset-archive	dataset/videoandimus/S49/S49_A07_T02.raw	S49_A07_T02	IMU	INERTIAL_QUATERNION	1939005	8d8c53552aded15e2bad5232a1a8d171f4403a06ee5cb6fe8c5c170be9a75d45	REQUIRED
vidimu-dataset-archive	dataset/videoandimus/S49/S49_A08_T01.csv	S49_A08_T01	ANNOTATION	BODYTRACK_POSE	504538	b27e3c48b0d7ccbdbdbd6d90793b28edc28a6b404f39cbbfe24b74f68e5fc09b	REQUIRED
vidimu-dataset-archive	dataset/videoandimus/S49/S49_A08_T01.raw	S49_A08_T01	IMU	INERTIAL_QUATERNION	2101706	51983cdf1ebc218bccde550f1261f9c6127ac70834370821b5c2249f6bc69666	REQUIRED
vidimu-dataset-archive	dataset/videoandimus/S49/S49_A09_T01.csv	S49_A09_T01	ANNOTATION	BODYTRACK_POSE	518345	63849efa2afd3a93957034d226c223f98879106d72752fa8a4c99f1c28ebea71	REQUIRED
vidimu-dataset-archive	dataset/videoandimus/S49/S49_A09_T01.raw	S49_A09_T01	IMU	INERTIAL_QUATERNION	2177507	d3a46c6b326d1ccd50cfafaf24db02ac854e2ec6ef30953b06d333bc2fd9cc3e	REQUIRED
vidimu-dataset-archive	dataset/videoandimus/S49/S49_A10_T01.csv	S49_A10_T01	ANNOTATION	BODYTRACK_POSE	419581	ade22365246dd8e756395eb5fb37d343a7f98e1861afa0c6a607567e884ea7ae	REQUIRED
vidimu-dataset-archive	dataset/videoandimus/S49/S49_A10_T01.raw	S49_A10_T01	IMU	INERTIAL_QUATERNION	1796291	8a08b177dfe2b937e753ca17642482c25ba5dfb430df27e05f9dc30f9dcf2f02	REQUIRED
vidimu-dataset-archive	dataset/videoandimus/S49/S49_A11_T02.csv	S49_A11_T02	ANNOTATION	BODYTRACK_POSE	324834	93ac5f19b8ce6de6aa25b79331f858c3d879ae7c0fe2337d0bad5836c35114c2	REQUIRED
vidimu-dataset-archive	dataset/videoandimus/S49/S49_A11_T02.raw	S49_A11_T02	IMU	INERTIAL_QUATERNION	1375868	6336f6150f2b5f8a53a808911b23edcb0d7500af4cbb65ff15b6a0c234b7caac	REQUIRED
vidimu-dataset-archive	dataset/videoandimus/S49/S49_A12_T02.csv	S49_A12_T02	ANNOTATION	BODYTRACK_POSE	335439	01ed37cab1a6dea8a87762361d9cb98f741b3d8be77913f1084cf83c1938c4ce	REQUIRED
vidimu-dataset-archive	dataset/videoandimus/S49/S49_A12_T02.raw	S49_A12_T02	IMU	INERTIAL_QUATERNION	1405848	25393c986db5eb2605d68d555078104f0cf1aeb2c56548bde23bfbe9ba18eee9	REQUIRED
vidimu-dataset-archive	dataset/videoandimus/S49/S49_A13_T01.csv	S49_A13_T01	ANNOTATION	BODYTRACK_POSE	304558	9e4c43ee10c0a8c7ef38d38552e1f2f0a4f5a1cb7fbda68c841e460a74854148	REQUIRED
vidimu-dataset-archive	dataset/videoandimus/S49/S49_A13_T01.raw	S49_A13_T01	IMU	INERTIAL_QUATERNION	1297135	0e3106027eec77554131fa4189c89d79c7c73c14a80263281aed9c5c0a9bf334	REQUIRED
vidimu-dataset-archive	dataset/videoandimus/S50/S50_A01_T03.csv	S50_A01_T03	ANNOTATION	BODYTRACK_POSE	792412	296e20f9f11d467eda658a75b808e69e2f5034e7425946a31be86ed482d89737	REQUIRED
vidimu-dataset-archive	dataset/videoandimus/S50/S50_A01_T03.raw	S50_A01_T03	IMU	INERTIAL_QUATERNION	3299103	dd808d43fc76655b695d8f761217f0c30492a5484cc8c6efb26064d059df53a3	REQUIRED
vidimu-dataset-archive	dataset/videoandimus/S50/S50_A02_T02.csv	S50_A02_T02	ANNOTATION	BODYTRACK_POSE	882831	dfa3ddee9cd99fe4d5a24d62ddff4dff5ad7aaed6b01c203686195b0fc5fe581	REQUIRED
vidimu-dataset-archive	dataset/videoandimus/S50/S50_A02_T02.raw	S50_A02_T02	IMU	INERTIAL_QUATERNION	3595133	bcf0b5c51b7a750274e3655178fd6eda20786974f7fee9337e64d4c0c313b80a	REQUIRED
vidimu-dataset-archive	dataset/videoandimus/S50/S50_A03_T01.csv	S50_A03_T01	ANNOTATION	BODYTRACK_POSE	801341	ccbc82c98770cd0e5bfd70ff6f7a0cdb00ff3f830364f92d9caa96a0e3f5f204	REQUIRED
vidimu-dataset-archive	dataset/videoandimus/S50/S50_A03_T01.raw	S50_A03_T01	IMU	INERTIAL_QUATERNION	3354628	735830a36fc07794e1a81f67f60bf981d874c2fc867d8b0048a6092305a0aeb2	REQUIRED
vidimu-dataset-archive	dataset/videoandimus/S50/S50_A04_T01.csv	S50_A04_T01	ANNOTATION	BODYTRACK_POSE	479215	017ad79d898eddce659bce112830d81b56c19b982758445f4fb709da0ae00c31	REQUIRED
vidimu-dataset-archive	dataset/videoandimus/S50/S50_A04_T01.raw	S50_A04_T01	IMU	INERTIAL_QUATERNION	2060355	696311ca741dda24dfcdca7920ed37dd3727b0a07c43cc4c265739eff67a011a	REQUIRED
vidimu-dataset-archive	dataset/videoandimus/S50/S50_A05_T02.csv	S50_A05_T02	ANNOTATION	BODYTRACK_POSE	623264	3cf02d280a71b3f7feee3c608e2dc898b5ee109efbe670e2d2b300a07c4664d3	REQUIRED
vidimu-dataset-archive	dataset/videoandimus/S50/S50_A05_T02.raw	S50_A05_T02	IMU	INERTIAL_QUATERNION	2711046	dd48040b542744e57b1480e12b23a26e82c466edbb153639780ce0b0b6efa76d	REQUIRED
vidimu-dataset-archive	dataset/videoandimus/S50/S50_A06_T01.csv	S50_A06_T01	ANNOTATION	BODYTRACK_POSE	605743	aa3aa7b745f37f66383a35ace5166311f9e8636062fb4da5676e42d0098d197f	REQUIRED
vidimu-dataset-archive	dataset/videoandimus/S50/S50_A06_T01.raw	S50_A06_T01	IMU	INERTIAL_QUATERNION	2535214	37e5c2d443802fef92e4165c2b461fdc62343185035fff7593faec5064cffa5d	REQUIRED
vidimu-dataset-archive	dataset/videoandimus/S50/S50_A07_T01.csv	S50_A07_T01	ANNOTATION	BODYTRACK_POSE	525893	dea5c326e7166e2d2121df31ec4537214ecbc2f36164a9579f8a37a944098df4	REQUIRED
vidimu-dataset-archive	dataset/videoandimus/S50/S50_A07_T01.raw	S50_A07_T01	IMU	INERTIAL_QUATERNION	2220978	2629860c7e426a2e1c5381c455f4889c7dbcfdfb208991f90a2531b2798e35b8	REQUIRED
vidimu-dataset-archive	dataset/videoandimus/S50/S50_A08_T01.csv	S50_A08_T01	ANNOTATION	BODYTRACK_POSE	559498	32325081f26b0e34d43f17de41429d0ece78900dd73fc3c7737cdcf8aa6986de	REQUIRED
vidimu-dataset-archive	dataset/videoandimus/S50/S50_A08_T01.raw	S50_A08_T01	IMU	INERTIAL_QUATERNION	2424304	53daf0a7ccb53022445f91531410259d2748dc0a43aa1c83a8ba14e1e78c10e1	REQUIRED
vidimu-dataset-archive	dataset/videoandimus/S50/S50_A09_T01.csv	S50_A09_T01	ANNOTATION	BODYTRACK_POSE	637830	beb31c80b59c9a5999710d1c3b51ff13eb7854216324dfe036c667d63a30af00	REQUIRED
vidimu-dataset-archive	dataset/videoandimus/S50/S50_A09_T01.raw	S50_A09_T01	IMU	INERTIAL_QUATERNION	2768940	101c71efcff82fbc57657c911e252c30d7934607d448b13ee3d5fc62b10d7b95	REQUIRED
vidimu-dataset-archive	dataset/videoandimus/S50/S50_A10_T02.csv	S50_A10_T02	ANNOTATION	BODYTRACK_POSE	482895	4cd438709c6ae5bb8d14ee8e7cd929cc32a724c671538a77ecfd3b7985f70c73	REQUIRED
vidimu-dataset-archive	dataset/videoandimus/S50/S50_A10_T02.raw	S50_A10_T02	IMU	INERTIAL_QUATERNION	2031113	1add8c5256e1ac080921c590a677a2af44fc16d820a8c6155c244c54a2038757	REQUIRED
vidimu-dataset-archive	dataset/videoandimus/S50/S50_A11_T02.csv	S50_A11_T02	ANNOTATION	BODYTRACK_POSE	411543	9b24ff738382288b44c726f801ceb98bc3a3bc25d92b1e4bb8cdd2bcaa3a11fe	REQUIRED
vidimu-dataset-archive	dataset/videoandimus/S50/S50_A11_T02.raw	S50_A11_T02	IMU	INERTIAL_QUATERNION	1770505	82365ec34738b9e95a62447898ba216144544111645f28561d6652511409bf0e	REQUIRED
vidimu-dataset-archive	dataset/videoandimus/S50/S50_A12_T01.csv	S50_A12_T01	ANNOTATION	BODYTRACK_POSE	457516	a7409f5698d7cd26a2a3efbb1f6726178f1c8c24d708927896b7027bb872b46b	REQUIRED
vidimu-dataset-archive	dataset/videoandimus/S50/S50_A12_T01.raw	S50_A12_T01	IMU	INERTIAL_QUATERNION	1887469	abc414dd32cb6ca5f16f66c26f99c5f1f317547fdafdeb7ba642370388752548	REQUIRED
vidimu-dataset-archive	dataset/videoandimus/S50/S50_A13_T01.csv	S50_A13_T01	ANNOTATION	BODYTRACK_POSE	280812	1a685b6e14f1449a97912ecd68446861bbc07d898795cb10c1213e1718bc5635	REQUIRED
vidimu-dataset-archive	dataset/videoandimus/S50/S50_A13_T01.raw	S50_A13_T01	IMU	INERTIAL_QUATERNION	1184052	43c05f38cd07d9b335f4410fe111b6404a304bfab4b65b3cd5bbcd4e3fae8622	REQUIRED
vidimu-dataset-archive	dataset/videoandimus/S51/S51_A01_T02.csv	S51_A01_T02	ANNOTATION	BODYTRACK_POSE	784824	666f4665ce5848850625585bfcb102a9eb4cca47c9b0e534e1f6931d0f761bf6	REQUIRED
vidimu-dataset-archive	dataset/videoandimus/S51/S51_A01_T02.raw	S51_A01_T02	IMU	INERTIAL_QUATERNION	3288518	2e456b0136a20690bec7e581d573073193407016810744681caaeaaf44f1f142	REQUIRED
vidimu-dataset-archive	dataset/videoandimus/S51/S51_A02_T02.csv	S51_A02_T02	ANNOTATION	BODYTRACK_POSE	859957	7c86877228b2fc4be1cadb8663ef8cfae8c93361ede84bf54cf722b5c82916eb	REQUIRED
vidimu-dataset-archive	dataset/videoandimus/S51/S51_A02_T02.raw	S51_A02_T02	IMU	INERTIAL_QUATERNION	3551705	41462b8f0e3500041b9fa34242ca2292413da78f98614877e38bfddb84468cb0	REQUIRED
vidimu-dataset-archive	dataset/videoandimus/S51/S51_A03_T02.csv	S51_A03_T02	ANNOTATION	BODYTRACK_POSE	886298	c3e0ad2f9bb8ab360ee0a7a8f9622014fa3a57c162f6cb2b65046f1d099e0e3a	REQUIRED
vidimu-dataset-archive	dataset/videoandimus/S51/S51_A03_T02.raw	S51_A03_T02	IMU	INERTIAL_QUATERNION	3618770	a885cbabf97a9de775d06811b78fdcb7c739cce8e15c346432777ed8f0429c95	REQUIRED
vidimu-dataset-archive	dataset/videoandimus/S51/S51_A04_T02.csv	S51_A04_T02	ANNOTATION	BODYTRACK_POSE	420868	16b9c6717a2c12ce52954f75f33d1d91e2393c7dbd7f4b0ed44e8341b71f26d5	REQUIRED
vidimu-dataset-archive	dataset/videoandimus/S51/S51_A04_T02.raw	S51_A04_T02	IMU	INERTIAL_QUATERNION	1776051	9f14b9f21e57746eb018397c8e528a9e8530893772148977a76c8d6515fc85f7	REQUIRED
vidimu-dataset-archive	dataset/videoandimus/S51/S51_A05_T03.csv	S51_A05_T03	ANNOTATION	BODYTRACK_POSE	588231	8e1f6ac2d57e297e11141cf154d6d17b8f71b573cc23e2f6b767286b93495cc9	REQUIRED
vidimu-dataset-archive	dataset/videoandimus/S51/S51_A05_T03.raw	S51_A05_T03	IMU	INERTIAL_QUATERNION	2616624	c3255cdeb0f8a9788dee4c36538a7b8a359ed4c42b8204aec77ba0d0288e501c	REQUIRED
vidimu-dataset-archive	dataset/videoandimus/S51/S51_A06_T03.csv	S51_A06_T03	ANNOTATION	BODYTRACK_POSE	619839	f6e09103fe28b6ee9bfb301e8ecc56890fc6397619527af9d46dbc36dbeb2ca5	REQUIRED
vidimu-dataset-archive	dataset/videoandimus/S51/S51_A06_T03.raw	S51_A06_T03	IMU	INERTIAL_QUATERNION	2646834	eb93d2425ac38916b839fdba119a05c745c7a55085c5a6e0838cb1e3da384beb	REQUIRED
vidimu-dataset-archive	dataset/videoandimus/S51/S51_A07_T01.csv	S51_A07_T01	ANNOTATION	BODYTRACK_POSE	519650	46d747455ee2aedec8be5b1f807b470d8bf14411041cd1dbdb50dc3184fca7bb	REQUIRED
vidimu-dataset-archive	dataset/videoandimus/S51/S51_A07_T01.raw	S51_A07_T01	IMU	INERTIAL_QUATERNION	2233883	0842e7162709f85845cb21b3bbc02378fe1422b90276c72f5805436098472ee7	REQUIRED
vidimu-dataset-archive	dataset/videoandimus/S51/S51_A08_T02.csv	S51_A08_T02	ANNOTATION	BODYTRACK_POSE	521245	8f317568359c2cfefbe708d4c2ac3ab142e355f0acf8a1612677709f90690366	REQUIRED
vidimu-dataset-archive	dataset/videoandimus/S51/S51_A08_T02.raw	S51_A08_T02	IMU	INERTIAL_QUATERNION	2183123	10ce00ca1c32ae100fc67b6956f8884dbd0ed0558c476e1aa2ea89f0104677e5	REQUIRED
vidimu-dataset-archive	dataset/videoandimus/S51/S51_A09_T02.csv	S51_A09_T02	ANNOTATION	BODYTRACK_POSE	478523	845c3b25d83b1c69151180d5a2c66544179a30ed37101ded6fc8da4524af6a56	REQUIRED
vidimu-dataset-archive	dataset/videoandimus/S51/S51_A09_T02.raw	S51_A09_T02	IMU	INERTIAL_QUATERNION	2009276	dbacbd6b9880ec5cb14548f8801c8d299f5ea75fbfca6fd212743bc4d002216b	REQUIRED
vidimu-dataset-archive	dataset/videoandimus/S51/S51_A10_T01.csv	S51_A10_T01	ANNOTATION	BODYTRACK_POSE	370822	7ae2399976510f6952cf2491cf7f40fa27394ac6cfde6e3fd0bad8a05c5b7cc2	REQUIRED
vidimu-dataset-archive	dataset/videoandimus/S51/S51_A10_T01.raw	S51_A10_T01	IMU	INERTIAL_QUATERNION	1560147	81af0eb7e5bf34f839f5156b270eeeabc70068f16511967fc9326e967675c599	REQUIRED
vidimu-dataset-archive	dataset/videoandimus/S51/S51_A11_T02.csv	S51_A11_T02	ANNOTATION	BODYTRACK_POSE	348225	e31c822c4ebb5c8a605457ef79f538c43bf55420c61e34e6abadbb9d2e1b884b	REQUIRED
vidimu-dataset-archive	dataset/videoandimus/S51/S51_A11_T02.raw	S51_A11_T02	IMU	INERTIAL_QUATERNION	1476847	36baf885c4f077a6730686c7b5695f048738c4937f05891268565c34d6fba3be	REQUIRED
vidimu-dataset-archive	dataset/videoandimus/S51/S51_A12_T02.csv	S51_A12_T02	ANNOTATION	BODYTRACK_POSE	353927	df03ee04172bb1eeb8598314c0d695342ce563509e0044d0f1dc9ba057b3edde	REQUIRED
vidimu-dataset-archive	dataset/videoandimus/S51/S51_A12_T02.raw	S51_A12_T02	IMU	INERTIAL_QUATERNION	1475541	4c12a9db4ccb024c96a967b2c831bef098cfeba572442b118acd09790231b9af	REQUIRED
vidimu-dataset-archive	dataset/videoandimus/S51/S51_A13_T02.csv	S51_A13_T02	ANNOTATION	BODYTRACK_POSE	262411	79be88bc41f111b13f769fee7632f24d947d30517c4766752359b2100cc974d1	REQUIRED
vidimu-dataset-archive	dataset/videoandimus/S51/S51_A13_T02.raw	S51_A13_T02	IMU	INERTIAL_QUATERNION	1087797	e9948e0bace1ea7682ba3f9d334c105dd9770d32db423dcbf06060e0693cc0f0	REQUIRED
vidimu-dataset-archive	dataset/videoandimus/S52/S52_A01_T02.csv	S52_A01_T02	ANNOTATION	BODYTRACK_POSE	1035407	ce8d3f6d34974bf271a25686146debcc2d64fbeec05b2a701cde5f2128551ae2	REQUIRED
vidimu-dataset-archive	dataset/videoandimus/S52/S52_A01_T02.raw	S52_A01_T02	IMU	INERTIAL_QUATERNION	4287745	edbe2bfcf4ca025a9195745d045df602e5b135e7b31e8403f9d893695372043d	REQUIRED
vidimu-dataset-archive	dataset/videoandimus/S52/S52_A02_T02.csv	S52_A02_T02	ANNOTATION	BODYTRACK_POSE	1366195	290d6e1edbc31d53a8558d3fdcf039581cbb0644495eddc5e624e74c294b882a	REQUIRED
vidimu-dataset-archive	dataset/videoandimus/S52/S52_A02_T02.raw	S52_A02_T02	IMU	INERTIAL_QUATERNION	5488191	98d41fa26514a45a25f7139f0faaedda389ae8013e327eaec057a5d7f55985f9	REQUIRED
vidimu-dataset-archive	dataset/videoandimus/S52/S52_A03_T03.csv	S52_A03_T03	ANNOTATION	BODYTRACK_POSE	1043347	849b2b8a225646949cea69caae617d736b8c615f66d3a903eaf263ec98d16e89	REQUIRED
vidimu-dataset-archive	dataset/videoandimus/S52/S52_A03_T03.raw	S52_A03_T03	IMU	INERTIAL_QUATERNION	4212551	46c43c997a93ff5a8a92cc528394cb7ee4bdc6fc705b3df426ab66c2b22952f0	REQUIRED
vidimu-dataset-archive	dataset/videoandimus/S52/S52_A04_T03.csv	S52_A04_T03	ANNOTATION	BODYTRACK_POSE	581524	c61c45725118612a58f98bbe10bfeeaf1d6a853d72a756a8762c4983aecec3d7	REQUIRED
vidimu-dataset-archive	dataset/videoandimus/S52/S52_A04_T03.raw	S52_A04_T03	IMU	INERTIAL_QUATERNION	2285840	588342e7e257d54011b3759b064c9dbb6aed4a69e9f05e949295b984e7a8c9cf	REQUIRED
vidimu-dataset-archive	dataset/videoandimus/S52/S52_A05_T02.csv	S52_A05_T02	ANNOTATION	BODYTRACK_POSE	685257	56dce26c96c6299d627f4c7c0e5c86bf66486ed9f39300a4a45f0a33419f253b	REQUIRED
vidimu-dataset-archive	dataset/videoandimus/S52/S52_A05_T02.raw	S52_A05_T02	IMU	INERTIAL_QUATERNION	2871363	92ec0cfc80aca6410ad80bbbf2e90aed943b103dfefbb47bef6fb108e21f3eb6	REQUIRED
vidimu-dataset-archive	dataset/videoandimus/S52/S52_A06_T05.csv	S52_A06_T05	ANNOTATION	BODYTRACK_POSE	644138	467c28b6eeba8801d795ebd66e3a7f15812b0c27aa3c3750eb58a176ec0e19af	REQUIRED
vidimu-dataset-archive	dataset/videoandimus/S52/S52_A06_T05.raw	S52_A06_T05	IMU	INERTIAL_QUATERNION	2675442	32cff5cf68816e39743a5b4acc830b25be2dcfd1ce894ad5575d5060cfb3c4ec	REQUIRED
vidimu-dataset-archive	dataset/videoandimus/S52/S52_A07_T02.csv	S52_A07_T02	ANNOTATION	BODYTRACK_POSE	572327	893ae9832d1fe7e03df13c7709a4aaa019746db8de9c98f7ac3aeda4ccc4d481	REQUIRED
vidimu-dataset-archive	dataset/videoandimus/S52/S52_A07_T02.raw	S52_A07_T02	IMU	INERTIAL_QUATERNION	2406746	09a0b357a64a6d2740767b70544b2b8dca2b806ff9db7c768caefc683c8984fb	REQUIRED
vidimu-dataset-archive	dataset/videoandimus/S52/S52_A08_T02.csv	S52_A08_T02	ANNOTATION	BODYTRACK_POSE	625627	9e455105c9e2f60d1736daa91ff64f6aa9961df7b469163aabc67d913d5b1026	REQUIRED
vidimu-dataset-archive	dataset/videoandimus/S52/S52_A08_T02.raw	S52_A08_T02	IMU	INERTIAL_QUATERNION	2670983	ad9a4ea60e7575da55784ccd3ee8163c6a3b5c68a6ef75e91ed8fe1494b08243	REQUIRED
vidimu-dataset-archive	dataset/videoandimus/S52/S52_A09_T02.csv	S52_A09_T02	ANNOTATION	BODYTRACK_POSE	647126	457975fc51121693825357294109cb22ce9759c4bb38032abe712ca8fee7ab24	REQUIRED
vidimu-dataset-archive	dataset/videoandimus/S52/S52_A09_T02.raw	S52_A09_T02	IMU	INERTIAL_QUATERNION	2708547	32ea3d26fb7683a20955f86c64d299790bc3b10463e337268816c4316992b8f2	REQUIRED
vidimu-dataset-archive	dataset/videoandimus/S52/S52_A10_T01.csv	S52_A10_T01	ANNOTATION	BODYTRACK_POSE	516491	b2ab88d470d68b6cb34c15727643e92afa64fbaadfa83796b957d18d1ca428c7	REQUIRED
vidimu-dataset-archive	dataset/videoandimus/S52/S52_A10_T01.raw	S52_A10_T01	IMU	INERTIAL_QUATERNION	2185509	c3f85f2719932e1ff85e3ac18405837adfa28f8b854d2643efbe20b5414b7217	REQUIRED
vidimu-dataset-archive	dataset/videoandimus/S52/S52_A11_T02.csv	S52_A11_T02	ANNOTATION	BODYTRACK_POSE	433780	90f97be84dac8e9cdc5060e92c14d86d788913f1dd2c2395c65c9a6a3b9bac15	REQUIRED
vidimu-dataset-archive	dataset/videoandimus/S52/S52_A11_T02.raw	S52_A11_T02	IMU	INERTIAL_QUATERNION	1856498	3eac5c2b9fa2e45b055c7a33935b947ea4e34c0ba9f82e8377465b42a38a7995	REQUIRED
vidimu-dataset-archive	dataset/videoandimus/S52/S52_A12_T02.csv	S52_A12_T02	ANNOTATION	BODYTRACK_POSE	446126	74ca61572f9f3960a5d42c18877e1f5727d3aa9821dfd6c4e8d0b21e025c88d0	REQUIRED
vidimu-dataset-archive	dataset/videoandimus/S52/S52_A12_T02.raw	S52_A12_T02	IMU	INERTIAL_QUATERNION	1855394	cad6a5f533d6fbb49e35ebfa2ec5436ad75af83cc8914fc930b7b7cd6d9ff73f	REQUIRED
vidimu-dataset-archive	dataset/videoandimus/S52/S52_A13_T02.csv	S52_A13_T02	ANNOTATION	BODYTRACK_POSE	221584	8bce801f03e854ae0f0b9b1f2f9515cbabb393878f41f800f8481ae6a207f650	REQUIRED
vidimu-dataset-archive	dataset/videoandimus/S52/S52_A13_T02.raw	S52_A13_T02	IMU	INERTIAL_QUATERNION	908065	d1a7ddcdbf42e22566beeaa4ebe9cec445568c451d75a170203fc825500bb1ac	REQUIRED
vidimu-dataset-archive	dataset/videoandimus/S53/S53_A01_T02.csv	S53_A01_T02	ANNOTATION	BODYTRACK_POSE	1036135	ccba2b45367f8881d50b366f26afa222907abdebd698101ac499638a7e2d7864	REQUIRED
vidimu-dataset-archive	dataset/videoandimus/S53/S53_A01_T02.raw	S53_A01_T02	IMU	INERTIAL_QUATERNION	4657371	d057dda06d72d1de6a384beda0a0120476c1945d4eb4bf4aaaceb1395e3fc4ae	REQUIRED
vidimu-dataset-archive	dataset/videoandimus/S53/S53_A02_T01.csv	S53_A02_T01	ANNOTATION	BODYTRACK_POSE	1124459	6c4483dec6bf707debc003f35d29acf88c827b75ea5b4d9e4e3df71271e7d984	REQUIRED
vidimu-dataset-archive	dataset/videoandimus/S53/S53_A02_T01.raw	S53_A02_T01	IMU	INERTIAL_QUATERNION	4875869	1d03d1674eadeb0553f5c67493261651d6ec0378bc5a849f435e7332576a4a28	REQUIRED
vidimu-dataset-archive	dataset/videoandimus/S53/S53_A03_T02.csv	S53_A03_T02	ANNOTATION	BODYTRACK_POSE	888331	91328e53fcb338d967af5dfa50a63de49173e6a1ac9d1901f3787995d202a10e	REQUIRED
vidimu-dataset-archive	dataset/videoandimus/S53/S53_A03_T02.raw	S53_A03_T02	IMU	INERTIAL_QUATERNION	3846766	3cf06958a39f258e7a3a0f02b829c94d890befb8fbaa9e6c77b00be517c20608	REQUIRED
vidimu-dataset-archive	dataset/videoandimus/S53/S53_A04_T01.csv	S53_A04_T01	ANNOTATION	BODYTRACK_POSE	529900	fd97c4b903edcd5ece96688a9aff8cad8933ed6b395a3a7a6f8db9b6699badf0	REQUIRED
vidimu-dataset-archive	dataset/videoandimus/S53/S53_A04_T01.raw	S53_A04_T01	IMU	INERTIAL_QUATERNION	2408227	c9badc1645201db3150f639254315dab8e7a4bd483103bc7318b685e9b324054	REQUIRED
vidimu-dataset-archive	dataset/videoandimus/S53/S53_A05_T01.csv	S53_A05_T01	ANNOTATION	BODYTRACK_POSE	614867	07c883e4ef98866548dc3a3bba259a29da7f5ccac1f4e658c0d1d805a78e54d2	REQUIRED
vidimu-dataset-archive	dataset/videoandimus/S53/S53_A05_T01.raw	S53_A05_T01	IMU	INERTIAL_QUATERNION	2627272	edd94be177312bc489d7be44b8d4cd47d0273cb024c4b4ac37ae868a42cc82d3	REQUIRED
vidimu-dataset-archive	dataset/videoandimus/S53/S53_A06_T01.csv	S53_A06_T01	ANNOTATION	BODYTRACK_POSE	598739	68113b75f50664541e34f582e6f591eeb9db32eb1d74b024907fa3a887b7fab0	REQUIRED
vidimu-dataset-archive	dataset/videoandimus/S53/S53_A06_T01.raw	S53_A06_T01	IMU	INERTIAL_QUATERNION	2573436	0b654ef0d2971940cc325e3f2a39e45acb601d93a585a223b449d084b7448772	REQUIRED
vidimu-dataset-archive	dataset/videoandimus/S53/S53_A07_T02.csv	S53_A07_T02	ANNOTATION	BODYTRACK_POSE	609740	25eb0b8f590a2e3dfb7135769e9607101e125dc6dfb8b8754803b44e595fb09f	REQUIRED
vidimu-dataset-archive	dataset/videoandimus/S53/S53_A07_T02.raw	S53_A07_T02	IMU	INERTIAL_QUATERNION	2531876	46b486b24188233b6f8e9d509ba6af74cf0edb07cc362efeef5d44d5eef0631b	REQUIRED
vidimu-dataset-archive	dataset/videoandimus/S53/S53_A08_T02.csv	S53_A08_T02	ANNOTATION	BODYTRACK_POSE	614358	fc52096aa6cfce20a4edf915423059a0fbd0310cb747e0d3f3b8c4424884c8ca	REQUIRED
vidimu-dataset-archive	dataset/videoandimus/S53/S53_A08_T02.raw	S53_A08_T02	IMU	INERTIAL_QUATERNION	2684552	186f7463cd3e8b3756a4219a2a0c4d25b16bb17ee9d89216c597c235bd5394e5	REQUIRED
vidimu-dataset-archive	dataset/videoandimus/S53/S53_A09_T01.csv	S53_A09_T01	ANNOTATION	BODYTRACK_POSE	454831	08d836299557192d9e006cca4e96ed0617dedcab22ae788a399f8087716d5548	REQUIRED
vidimu-dataset-archive	dataset/videoandimus/S53/S53_A09_T01.raw	S53_A09_T01	IMU	INERTIAL_QUATERNION	1980316	baae628b44409cd8cbd7114ffc149d6b4e5bd70483c8b34b8ca60549d477088f	REQUIRED
vidimu-dataset-archive	dataset/videoandimus/S53/S53_A10_T01.csv	S53_A10_T01	ANNOTATION	BODYTRACK_POSE	484630	f5157d3bea988bb43a3b8dba8fa8522a8a3672dc2a05df408d65cb1a9dd1d1b0	REQUIRED
vidimu-dataset-archive	dataset/videoandimus/S53/S53_A10_T01.raw	S53_A10_T01	IMU	INERTIAL_QUATERNION	2106832	a429d41c6902951a940ff3945d3425bf4b0c6f41a3e491544c66854f6f538243	REQUIRED
vidimu-dataset-archive	dataset/videoandimus/S53/S53_A11_T01.csv	S53_A11_T01	ANNOTATION	BODYTRACK_POSE	475223	99da89c5de2f05d0690c06ecaeded6492c6599b025c882bdafa9ab92679f7f87	REQUIRED
vidimu-dataset-archive	dataset/videoandimus/S53/S53_A11_T01.raw	S53_A11_T01	IMU	INERTIAL_QUATERNION	2086300	2cc06e17819bb56af85e3816c5eecd44b7658066ff0d4ed282f801fdc499d7dd	REQUIRED
vidimu-dataset-archive	dataset/videoandimus/S53/S53_A12_T01.csv	S53_A12_T01	ANNOTATION	BODYTRACK_POSE	432643	67f5e30d86e32a99fcaf5eaf0a5787610c98ba349ff8a66953b9b46cf08cc3ad	REQUIRED
vidimu-dataset-archive	dataset/videoandimus/S53/S53_A12_T01.raw	S53_A12_T01	IMU	INERTIAL_QUATERNION	1839385	2747f685d693bb32aaddc8a4390024c1f98d7457d8b52b253487ce896938d462	REQUIRED
vidimu-dataset-archive	dataset/videoandimus/S53/S53_A13_T03.csv	S53_A13_T03	ANNOTATION	BODYTRACK_POSE	244296	78287994a87e6effdd1c4c5018656268741253ff6bf90c2c90b26bb3ae211c2d	REQUIRED
vidimu-dataset-archive	dataset/videoandimus/S53/S53_A13_T03.raw	S53_A13_T03	IMU	INERTIAL_QUATERNION	1035067	b99799ef68435d62ae4eeb72db1d38bebe650563190cac5325b8734049d2a8ac	REQUIRED
vidimu-dataset-archive	dataset/videoandimus/S54/S54_A01_T03.csv	S54_A01_T03	ANNOTATION	BODYTRACK_POSE	745378	a4882306c2b04c6023f04ee7e5b371063798af48c29b0c48eec07dcf5ca249af	REQUIRED
vidimu-dataset-archive	dataset/videoandimus/S54/S54_A01_T03.raw	S54_A01_T03	IMU	INERTIAL_QUATERNION	4030121	4e04decee3480ffefb7fbf068a267aa4967fff851a051624fe44c7aff6045285	REQUIRED
vidimu-dataset-archive	dataset/videoandimus/S54/S54_A02_T01.csv	S54_A02_T01	ANNOTATION	BODYTRACK_POSE	807699	99325131c305daa35ed0599c9d905ef1d5278e9149a7155ac24b5262ca0059ac	REQUIRED
vidimu-dataset-archive	dataset/videoandimus/S54/S54_A02_T01.raw	S54_A02_T01	IMU	INERTIAL_QUATERNION	3602470	2829dc43de858709e613831e07372fe47dd3605f9b3e43e8fe666f9256f1aeb8	REQUIRED
vidimu-dataset-archive	dataset/videoandimus/S54/S54_A03_T01.csv	S54_A03_T01	ANNOTATION	BODYTRACK_POSE	715739	51f32b17c4656a461bcecf00e08330d942481d67250960e7673f7e2c5403c43e	REQUIRED
vidimu-dataset-archive	dataset/videoandimus/S54/S54_A03_T01.raw	S54_A03_T01	IMU	INERTIAL_QUATERNION	3133472	9fc4463e76364e5ef7600e9d17a785ef6eb672bf64c91c52e572f2f7264be1f9	REQUIRED
vidimu-dataset-archive	dataset/videoandimus/S54/S54_A04_T02.csv	S54_A04_T02	ANNOTATION	BODYTRACK_POSE	366597	649982bd21ddfdef887a0d4db4a1b8e4c533309ba76d1e02cfe1acf5ee71bc44	REQUIRED
vidimu-dataset-archive	dataset/videoandimus/S54/S54_A04_T02.raw	S54_A04_T02	IMU	INERTIAL_QUATERNION	1648233	56a0979899dcc3c85a2552fce02b031c2487c1198f8cefa6efb6a8f665440a94	REQUIRED
vidimu-dataset-archive	dataset/videoandimus/S54/S54_A05_T02.csv	S54_A05_T02	ANNOTATION	BODYTRACK_POSE	552399	ba801603301c9736c4380cd45f83ce10311c8ec5a233ffdad3dbb9ff8e8947ba	REQUIRED
vidimu-dataset-archive	dataset/videoandimus/S54/S54_A05_T02.raw	S54_A05_T02	IMU	INERTIAL_QUATERNION	2372996	82025416be0bdf6969e31e60d8285e77b01436d6d43dd89018242d7d5382ac49	REQUIRED
vidimu-dataset-archive	dataset/videoandimus/S54/S54_A06_T02.csv	S54_A06_T02	ANNOTATION	BODYTRACK_POSE	588903	336578020d5384c68a0c7f96108cce193c4f636ec7183f7e2334f848d78f868a	REQUIRED
vidimu-dataset-archive	dataset/videoandimus/S54/S54_A06_T02.raw	S54_A06_T02	IMU	INERTIAL_QUATERNION	2534205	6df541679c1d4fd48971d68638d40f188dd637e89bf15328fa410fea1b67d191	REQUIRED
vidimu-dataset-archive	dataset/videoandimus/S54/S54_A07_T01.csv	S54_A07_T01	ANNOTATION	BODYTRACK_POSE	617504	55437418681dcc50059ded30385d4e2915ca2095c5f22bf8a6b38e48684d3f87	REQUIRED
vidimu-dataset-archive	dataset/videoandimus/S54/S54_A07_T01.raw	S54_A07_T01	IMU	INERTIAL_QUATERNION	2640258	122cdd21c7a996229f40219c759a3db082050e2898eaee2cea51c65abb729972	REQUIRED
vidimu-dataset-archive	dataset/videoandimus/S54/S54_A08_T02.csv	S54_A08_T02	ANNOTATION	BODYTRACK_POSE	525705	7edf43e247c6344551fb8c1a66c474a2136649f097edfbb3a79d8d34c44d4abd	REQUIRED
vidimu-dataset-archive	dataset/videoandimus/S54/S54_A08_T02.raw	S54_A08_T02	IMU	INERTIAL_QUATERNION	2230297	6a96fe8cf0dbb90f38c009a8a9ac60319485b5a10d271e9fbdf80796bd4659a3	REQUIRED
vidimu-dataset-archive	dataset/videoandimus/S54/S54_A09_T01.csv	S54_A09_T01	ANNOTATION	BODYTRACK_POSE	585949	fb615e0075722484db7fdfb760feb9c98f0b6bb657a6fe347aa5d97b50b56615	REQUIRED
vidimu-dataset-archive	dataset/videoandimus/S54/S54_A09_T01.raw	S54_A09_T01	IMU	INERTIAL_QUATERNION	2564450	de8e1f6978d91fb04a6a26f7f0c19738f33c19ada1d8fde59fc3236d212e2f48	REQUIRED
vidimu-dataset-archive	dataset/videoandimus/S54/S54_A10_T01.csv	S54_A10_T01	ANNOTATION	BODYTRACK_POSE	449206	5903f10107ca2f0f2d343181bbc5dd717a78e55da27eb62c1db4e7cc2b2eebc7	REQUIRED
vidimu-dataset-archive	dataset/videoandimus/S54/S54_A10_T01.raw	S54_A10_T01	IMU	INERTIAL_QUATERNION	1957508	7f8370168e47ad7b68689f4bfd6ec407de613232ae84b9f9794f81f3519af614	REQUIRED
vidimu-dataset-archive	dataset/videoandimus/S54/S54_A11_T01.csv	S54_A11_T01	ANNOTATION	BODYTRACK_POSE	391693	c94e9de165f2f2dba2b57ada1008eecaef2957203a0815e5770fe0df5a5c4ec2	REQUIRED
vidimu-dataset-archive	dataset/videoandimus/S54/S54_A11_T01.raw	S54_A11_T01	IMU	INERTIAL_QUATERNION	1676045	647cedb067eff4440cfb4de05f243c460f03803d9f3148a5e2abd7d600242ca0	REQUIRED
vidimu-dataset-archive	dataset/videoandimus/S54/S54_A12_T01.csv	S54_A12_T01	ANNOTATION	BODYTRACK_POSE	354838	789e17b47328c352eb62c450f213ba45d62aedbf151731376ac40bbd6e224562	REQUIRED
vidimu-dataset-archive	dataset/videoandimus/S54/S54_A12_T01.raw	S54_A12_T01	IMU	INERTIAL_QUATERNION	1479055	ecf033aebdf905dd85a064d0ecf82bba731cf3e5bbb3e4842d2cf6f2ebbfa045	REQUIRED
vidimu-dataset-archive	dataset/videoandimus/S54/S54_A13_T02.csv	S54_A13_T02	ANNOTATION	BODYTRACK_POSE	240450	a922d22baca4300ebb12cf5a8152bc41f628ac53786600b26aeb120569a4f284	REQUIRED
vidimu-dataset-archive	dataset/videoandimus/S54/S54_A13_T02.raw	S54_A13_T02	IMU	INERTIAL_QUATERNION	984176	e0daf813d5db2f809daa615e7716dd7a5754385bd173309dba138a861816ee60	REQUIRED
vidimu-dataset-archive	dataset/videoandimus/S55/S55_A01_T02.csv	S55_A01_T02	ANNOTATION	BODYTRACK_POSE	918278	1fd1ba83c00151f6969227742826dd5f8fa059df33139dc2f7f4f2b8b3d4b864	REQUIRED
vidimu-dataset-archive	dataset/videoandimus/S55/S55_A01_T02.raw	S55_A01_T02	IMU	INERTIAL_QUATERNION	3963324	85891cba1a7c9a1247128c63568969fbc74a71ba1f76a2aba957c16a83ec2cd4	REQUIRED
vidimu-dataset-archive	dataset/videoandimus/S55/S55_A02_T01.csv	S55_A02_T01	ANNOTATION	BODYTRACK_POSE	1193674	6d6bb5278782488b32007f273783c224c24d2592a1adadf944e955b541572ea1	REQUIRED
vidimu-dataset-archive	dataset/videoandimus/S55/S55_A02_T01.raw	S55_A02_T01	IMU	INERTIAL_QUATERNION	5148772	691460ffeb7933073f3862b658b52d3257bededa4fa16f2530620bc2f8f6a97e	REQUIRED
vidimu-dataset-archive	dataset/videoandimus/S55/S55_A03_T02.csv	S55_A03_T02	ANNOTATION	BODYTRACK_POSE	870615	2bfe11dcdc6cca38e21210ba7ddb344d5876984e44df78975288ecce717f89cc	REQUIRED
vidimu-dataset-archive	dataset/videoandimus/S55/S55_A03_T02.raw	S55_A03_T02	IMU	INERTIAL_QUATERNION	3715602	05b2583d14929cfc47f8376cf09b966f2debd63733b96fa982addafb9646356c	REQUIRED
vidimu-dataset-archive	dataset/videoandimus/S55/S55_A04_T02.csv	S55_A04_T02	ANNOTATION	BODYTRACK_POSE	485279	16fa673b7da66f88db5a8f8ea919da83e73d872fef113cfa5ac16db1d36ec48f	REQUIRED
vidimu-dataset-archive	dataset/videoandimus/S55/S55_A04_T02.raw	S55_A04_T02	IMU	INERTIAL_QUATERNION	2113212	7f180966f88afcf6feb5958ab18888541715eb09c28505b78900c4c938e61a95	REQUIRED
vidimu-dataset-archive	dataset/videoandimus/S55/S55_A05_T02.csv	S55_A05_T02	ANNOTATION	BODYTRACK_POSE	586230	a2541ad3fb6f49228a0e578ef558bf9ee630cbab2ca3d6c6e08046ed096c3e65	REQUIRED
vidimu-dataset-archive	dataset/videoandimus/S55/S55_A05_T02.raw	S55_A05_T02	IMU	INERTIAL_QUATERNION	2495187	404ebe9d97be53d75d80d50c9a97e507ef7f486583c0d916cfe9f871edd507d9	REQUIRED
vidimu-dataset-archive	dataset/videoandimus/S55/S55_A06_T03.csv	S55_A06_T03	ANNOTATION	BODYTRACK_POSE	563435	1f37a18eb29202c254c011e1950812c1bdf91fcad3c7141410ea59229f6324bf	REQUIRED
vidimu-dataset-archive	dataset/videoandimus/S55/S55_A06_T03.raw	S55_A06_T03	IMU	INERTIAL_QUATERNION	2390510	1faf96228c04190a98d5025535fca12afc91071ef5fa0d68990581f48bf1005e	REQUIRED
vidimu-dataset-archive	dataset/videoandimus/S55/S55_A07_T02.csv	S55_A07_T02	ANNOTATION	BODYTRACK_POSE	527149	dddcbb47937a1d5e2f12ca020536d8f70d8b2954931a4c65e2e88acfd960f03a	REQUIRED
vidimu-dataset-archive	dataset/videoandimus/S55/S55_A07_T02.raw	S55_A07_T02	IMU	INERTIAL_QUATERNION	2243775	2d2114e55c35d459ecaa192c87d12cacea5857ed029129f84e0fc2f76bdac144	REQUIRED
vidimu-dataset-archive	dataset/videoandimus/S55/S55_A08_T01.csv	S55_A08_T01	ANNOTATION	BODYTRACK_POSE	532025	29043b14ad03db656ac1e3404fda0cc31d979f2ba8b2283bf9225521f080d6f2	REQUIRED
vidimu-dataset-archive	dataset/videoandimus/S55/S55_A08_T01.raw	S55_A08_T01	IMU	INERTIAL_QUATERNION	2260491	4f48079eda53de37ef782fb9660fec1e1d7b242fae5982c65128f4c171c7aa47	REQUIRED
vidimu-dataset-archive	dataset/videoandimus/S55/S55_A09_T01.csv	S55_A09_T01	ANNOTATION	BODYTRACK_POSE	578712	d4cc0f5c9b97357821da4669a1f6a41814635de772cf7705118268c0b268d005	REQUIRED
vidimu-dataset-archive	dataset/videoandimus/S55/S55_A09_T01.raw	S55_A09_T01	IMU	INERTIAL_QUATERNION	2447688	0d172fae56f8fc24949b91dd199bffa35cee239c1febfaedca5f5fd567833059	REQUIRED
vidimu-dataset-archive	dataset/videoandimus/S55/S55_A10_T03.csv	S55_A10_T03	ANNOTATION	BODYTRACK_POSE	385976	e53e9f6631b9931f7d9aff488c52c972d2ca14bbf161bd73de72b9ea6cd5a805	REQUIRED
vidimu-dataset-archive	dataset/videoandimus/S55/S55_A10_T03.raw	S55_A10_T03	IMU	INERTIAL_QUATERNION	1632910	3b339a732f2f8a475677c423f8d25079f949fce71876e5171e81ae2c286928ef	REQUIRED
vidimu-dataset-archive	dataset/videoandimus/S55/S55_A11_T01.csv	S55_A11_T01	ANNOTATION	BODYTRACK_POSE	443202	a65cfa850a378ed2b4518db68b1f129ff79e11ac3cf63b2195dbd85017611e1a	REQUIRED
vidimu-dataset-archive	dataset/videoandimus/S55/S55_A11_T01.raw	S55_A11_T01	IMU	INERTIAL_QUATERNION	1834052	a8b5d7d1679d0a2d405484abc36a484176074f134094acf6c86df6df438e614b	REQUIRED
vidimu-dataset-archive	dataset/videoandimus/S55/S55_A12_T01.csv	S55_A12_T01	ANNOTATION	BODYTRACK_POSE	468258	61ee97ec40d99bb62491920304943593f8f22e894a76e2a138609d6832b994cc	REQUIRED
vidimu-dataset-archive	dataset/videoandimus/S55/S55_A12_T01.raw	S55_A12_T01	IMU	INERTIAL_QUATERNION	1892001	486676a9ee11f10d21ea55eaa860f1724b3d16a0d7c757174748f08eed000cbd	REQUIRED
vidimu-dataset-archive	dataset/videoandimus/S55/S55_A13_T02.csv	S55_A13_T02	ANNOTATION	BODYTRACK_POSE	236825	cc5a0e6cbf53413a638220c6ea960051830a0888e66133dbdcb546e62699f5ba	REQUIRED
vidimu-dataset-archive	dataset/videoandimus/S55/S55_A13_T02.raw	S55_A13_T02	IMU	INERTIAL_QUATERNION	1070327	250bafccdc04c971c5fc32790a5ec62af39346c7391feae77a609de709245018	REQUIRED
vidimu-dataset-archive	dataset/videoandimus/S56/S56_A01_T01.csv	S56_A01_T01	ANNOTATION	BODYTRACK_POSE	743010	aaf9cfad31bd741c3fb4ff412050b124fe3a07418e08d984202310acf8a875cd	REQUIRED
vidimu-dataset-archive	dataset/videoandimus/S56/S56_A01_T01.raw	S56_A01_T01	IMU	INERTIAL_QUATERNION	3246885	2f9c0d906574dfae3aa4fcad091c40431f470f0870e51732653de2d77d464e25	REQUIRED
vidimu-dataset-archive	dataset/videoandimus/S56/S56_A02_T02.csv	S56_A02_T02	ANNOTATION	BODYTRACK_POSE	820224	90723fd4afa20a0455995f81f63f7faaaf1eba4b2821779373ce425fb2ded9fb	REQUIRED
vidimu-dataset-archive	dataset/videoandimus/S56/S56_A02_T02.raw	S56_A02_T02	IMU	INERTIAL_QUATERNION	3573039	d75bd8f0eb484e681aa9b6c691763151226cb59cc807d16cc95c6e4f4847302f	REQUIRED
vidimu-dataset-archive	dataset/videoandimus/S56/S56_A03_T01.csv	S56_A03_T01	ANNOTATION	BODYTRACK_POSE	723142	be178fa03a759859d017cb5c989b294f7535feb79c11ebce055868188564e153	REQUIRED
vidimu-dataset-archive	dataset/videoandimus/S56/S56_A03_T01.raw	S56_A03_T01	IMU	INERTIAL_QUATERNION	3141406	85c345c7a39e65f3d083f5ef950e90366780f64843a4c3fa50e2399f6f9c7e15	REQUIRED
vidimu-dataset-archive	dataset/videoandimus/S56/S56_A04_T01.csv	S56_A04_T01	ANNOTATION	BODYTRACK_POSE	517242	bcab1ed513437df4222ba9f0c1a3f9003c66da125b73c117bbb07910b93b6604	REQUIRED
vidimu-dataset-archive	dataset/videoandimus/S56/S56_A04_T01.raw	S56_A04_T01	IMU	INERTIAL_QUATERNION	2181594	6af991e94780d36f996a8504c770d1c3c6f4c4c0a00942d1a6200081cefb0366	REQUIRED
vidimu-dataset-archive	dataset/videoandimus/S56/S56_A05_T01.csv	S56_A05_T01	ANNOTATION	BODYTRACK_POSE	566163	b453f7199d62398b9c1303f3307567cefe044373cf44e18e53b2f6b59269c7de	REQUIRED
vidimu-dataset-archive	dataset/videoandimus/S56/S56_A05_T01.raw	S56_A05_T01	IMU	INERTIAL_QUATERNION	2050834	fc2b3343e27c8499d680397d071a864bf3d76263cae6107baaaa31af665c9ebc	REQUIRED
vidimu-dataset-archive	dataset/videoandimus/S56/S56_A06_T02.csv	S56_A06_T02	ANNOTATION	BODYTRACK_POSE	507739	43d68fbdc7104081870dc99df7ae9e49f37a6cb5861823a7005bce7394111b45	REQUIRED
vidimu-dataset-archive	dataset/videoandimus/S56/S56_A06_T02.raw	S56_A06_T02	IMU	INERTIAL_QUATERNION	2275111	e6a521f325a59de41bc1279f9c330320b05043a4f0ea356a790e1f37d478325a	REQUIRED
vidimu-dataset-archive	dataset/videoandimus/S56/S56_A07_T01.csv	S56_A07_T01	ANNOTATION	BODYTRACK_POSE	475589	4662c9a9cb32251ce5a378fffebc34ccd88e6b7711ef0fdb23c56826f1ad1cfe	REQUIRED
vidimu-dataset-archive	dataset/videoandimus/S56/S56_A07_T01.raw	S56_A07_T01	IMU	INERTIAL_QUATERNION	2105085	4c84a1c4517db6208a38d2173ee84185eab422477b1605f1a24955ea0e45c904	REQUIRED
vidimu-dataset-archive	dataset/videoandimus/S56/S56_A08_T02.csv	S56_A08_T02	ANNOTATION	BODYTRACK_POSE	455672	960f8af687354b793638b1dc40f55871a686f1f4abe2150d83b1eddd684fa9bd	REQUIRED
vidimu-dataset-archive	dataset/videoandimus/S56/S56_A08_T02.raw	S56_A08_T02	IMU	INERTIAL_QUATERNION	2040317	e68f43250193859631081a731baeb339c5376dff724199b65ae760a7d191a150	REQUIRED
vidimu-dataset-archive	dataset/videoandimus/S56/S56_A09_T01.csv	S56_A09_T01	ANNOTATION	BODYTRACK_POSE	531145	fee823392ad1062ad939841fed9f14796ed1993e6039f505be34797885ace079	REQUIRED
vidimu-dataset-archive	dataset/videoandimus/S56/S56_A09_T01.raw	S56_A09_T01	IMU	INERTIAL_QUATERNION	2314775	8832034bcede44bff245bdf3ef9c9f84002b4834cad31bc4b3bd51629a384fa8	REQUIRED
vidimu-dataset-archive	dataset/videoandimus/S56/S56_A10_T01.csv	S56_A10_T01	ANNOTATION	BODYTRACK_POSE	447523	d30d58ff78550d86f55570d22b1ea33e9c77c30be7dd90ba460747db7d439049	REQUIRED
vidimu-dataset-archive	dataset/videoandimus/S56/S56_A10_T01.raw	S56_A10_T01	IMU	INERTIAL_QUATERNION	1936818	bdf7f044508a15961072349f933b4223e6ae0f67f2bb3ff31279cf1ff4c98681	REQUIRED
vidimu-dataset-archive	dataset/videoandimus/S56/S56_A11_T02.csv	S56_A11_T02	ANNOTATION	BODYTRACK_POSE	330611	eebcb9f2c0a820ea838d9d67564f8d0175dba3a60b3edbcdad54aa3fd639ed50	REQUIRED
vidimu-dataset-archive	dataset/videoandimus/S56/S56_A11_T02.raw	S56_A11_T02	IMU	INERTIAL_QUATERNION	1492760	c3fcf84be7c38f521f941e1141c5fff26f9d9e4f7ab71412f1fc1c9c474d873b	REQUIRED
vidimu-dataset-archive	dataset/videoandimus/S56/S56_A12_T02.csv	S56_A12_T02	ANNOTATION	BODYTRACK_POSE	330135	df8a8e9cd5dcaeb4c5d94f14cebda653fb5fce307a7965c9ff70e4abbfa98b2b	REQUIRED
vidimu-dataset-archive	dataset/videoandimus/S56/S56_A12_T02.raw	S56_A12_T02	IMU	INERTIAL_QUATERNION	1446761	d789ef554146d77ba41138aa76fa37d54748954d64b9cd3d1684e915710df8f1	REQUIRED
vidimu-dataset-archive	dataset/videoandimus/S56/S56_A13_T02.csv	S56_A13_T02	ANNOTATION	BODYTRACK_POSE	258529	73dc0c4ee63d09ac89c6df47f2350fee78cc2aa38e3f2fe538762d9f042a4685	REQUIRED
vidimu-dataset-archive	dataset/videoandimus/S56/S56_A13_T02.raw	S56_A13_T02	IMU	INERTIAL_QUATERNION	1098226	b3eeadf8d951503d4b930dccdc3007162b3f264cf54a2333a3722393b62f2140	REQUIRED
vidimu-dataset-archive	dataset/videoandimus/S57/S57_A01_T02.csv	S57_A01_T02	ANNOTATION	BODYTRACK_POSE	727858	09c7b20b7a036d4578437a6eb4a7f4b25b8e94314c4b2b222922dc8ed5483166	REQUIRED
vidimu-dataset-archive	dataset/videoandimus/S57/S57_A01_T02.raw	S57_A01_T02	IMU	INERTIAL_QUATERNION	3176411	128a6062d86e6037a5117e0f9e903cb35b794a9246d1bf5130d3b4c40b36386a	REQUIRED
vidimu-dataset-archive	dataset/videoandimus/S57/S57_A02_T03.csv	S57_A02_T03	ANNOTATION	BODYTRACK_POSE	1315187	b1f3b5e4fb6ff0a27f0875a741cd37ea5adf82b7b10d7950aa9c938ab9199d8d	REQUIRED
vidimu-dataset-archive	dataset/videoandimus/S57/S57_A02_T03.raw	S57_A02_T03	IMU	INERTIAL_QUATERNION	5563174	a52c4c26c9ccd9694b67200e050a0cf4d7b468875473d463273f7395b24a5162	REQUIRED
vidimu-dataset-archive	dataset/videoandimus/S57/S57_A03_T01.csv	S57_A03_T01	ANNOTATION	BODYTRACK_POSE	760181	50e8fadaf38b30cc792847c664863fc0bcacdcbd1e8e847a867960572913d807	REQUIRED
vidimu-dataset-archive	dataset/videoandimus/S57/S57_A03_T01.raw	S57_A03_T01	IMU	INERTIAL_QUATERNION	3193480	0bb95bbe01f94cda5a756b767aeab774556d61a53dcb3abcf4bfc7157b5d178f	REQUIRED
vidimu-dataset-archive	dataset/videoandimus/S57/S57_A04_T01.csv	S57_A04_T01	ANNOTATION	BODYTRACK_POSE	490016	1e294163054d089fcc97d0c9ac7fc3626a35bc11f42a2d9fe97294547da1ce47	REQUIRED
vidimu-dataset-archive	dataset/videoandimus/S57/S57_A04_T01.raw	S57_A04_T01	IMU	INERTIAL_QUATERNION	2058894	cf5e7e7047796b581c25230359772ec6e14af90ebe5eb5ae5175a0cd428ef95f	REQUIRED
vidimu-dataset-archive	dataset/videoandimus/S57/S57_A05_T02.csv	S57_A05_T02	ANNOTATION	BODYTRACK_POSE	545805	b086c306800692057926c8e9747df08cc6582c4ffe6ccc526bdf84e39b43a37a	REQUIRED
vidimu-dataset-archive	dataset/videoandimus/S57/S57_A05_T02.raw	S57_A05_T02	IMU	INERTIAL_QUATERNION	2475654	d11a4f0dc4b37306c12028d74de266230c0e3ae525dfd4240c6b8b6bb6b557b1	REQUIRED
vidimu-dataset-archive	dataset/videoandimus/S57/S57_A06_T01.csv	S57_A06_T01	ANNOTATION	BODYTRACK_POSE	564742	3041ea7f105d831d4b67c26cd4c5403c7184c61464060eab1e932c50487eeae3	REQUIRED
vidimu-dataset-archive	dataset/videoandimus/S57/S57_A06_T01.raw	S57_A06_T01	IMU	INERTIAL_QUATERNION	2439743	84aad4fa6f6ee998af6553437fb06daf33b3eb025e4885d1cd596533ad62189a	REQUIRED
vidimu-dataset-archive	dataset/videoandimus/S57/S57_A07_T01.csv	S57_A07_T01	ANNOTATION	BODYTRACK_POSE	502270	a643a3886787e089a3198afb2a5caa0af8a708475bcb0d2327caa754ae3e5700	REQUIRED
vidimu-dataset-archive	dataset/videoandimus/S57/S57_A07_T01.raw	S57_A07_T01	IMU	INERTIAL_QUATERNION	2205452	90e0c8e4124237bcba8cb6fb0a672e00b3d5598393a3e627db47191acf1ac498	REQUIRED
vidimu-dataset-archive	dataset/videoandimus/S57/S57_A08_T01.csv	S57_A08_T01	ANNOTATION	BODYTRACK_POSE	484068	f759ff6c6850178da8ae3fbf16ea0e613be8cbce9e24a550797b92c73da66d18	REQUIRED
vidimu-dataset-archive	dataset/videoandimus/S57/S57_A08_T01.raw	S57_A08_T01	IMU	INERTIAL_QUATERNION	2087983	7526b6dd61e1deaf57e8f6f05bd36d00637c80bff93326333b0c9d0d91ea5509	REQUIRED
vidimu-dataset-archive	dataset/videoandimus/S57/S57_A09_T01.csv	S57_A09_T01	ANNOTATION	BODYTRACK_POSE	776348	4895ab71e12e48e51dc9c7d1c2d89ab82cbcd6024a4e1a9a231bafceb91f3d3f	REQUIRED
vidimu-dataset-archive	dataset/videoandimus/S57/S57_A09_T01.raw	S57_A09_T01	IMU	INERTIAL_QUATERNION	3297626	4b6d092d3873e657d2ad8af493cc42b3a7c10113a036d4fd00b828b2f2fc7e9a	REQUIRED
vidimu-dataset-archive	dataset/videoandimus/S57/S57_A10_T02.csv	S57_A10_T02	ANNOTATION	BODYTRACK_POSE	354221	af9c42575ca8d3c1f7ac6ab9a244026f25a2e1e564f9cbce0cfeb1a4ac62ef08	REQUIRED
vidimu-dataset-archive	dataset/videoandimus/S57/S57_A10_T02.raw	S57_A10_T02	IMU	INERTIAL_QUATERNION	1526432	2be35db2d6eaa71605053c90fc44dade05ebfc97c67c05bea6424a634a66cb99	REQUIRED
vidimu-dataset-archive	dataset/videoandimus/S57/S57_A11_T01.csv	S57_A11_T01	ANNOTATION	BODYTRACK_POSE	335082	421ea52de320f256bbe8ca3ca544b2c8a803f25ba2565bd20dad61e0a7892472	REQUIRED
vidimu-dataset-archive	dataset/videoandimus/S57/S57_A11_T01.raw	S57_A11_T01	IMU	INERTIAL_QUATERNION	1458126	a86dbd01e2006d01cb5c0c2155f01d9242f1e3e2f3de379782a702c01dca35e6	REQUIRED
vidimu-dataset-archive	dataset/videoandimus/S57/S57_A12_T01.csv	S57_A12_T01	ANNOTATION	BODYTRACK_POSE	331857	402c800ccb980b93e63290ed443d75f7fadcf24889654c75668032becdd01de3	REQUIRED
vidimu-dataset-archive	dataset/videoandimus/S57/S57_A12_T01.raw	S57_A12_T01	IMU	INERTIAL_QUATERNION	1420764	85aadf368f3c350ce4330aad8dc1a34313cfe6f629c80fa2c26b631dc5944d5a	REQUIRED
vidimu-dataset-archive	dataset/videoandimus/S57/S57_A13_T01.csv	S57_A13_T01	ANNOTATION	BODYTRACK_POSE	292750	ec72ee380ea918f4521d1baab44caf39991bee5d64142a6260bc24bb0b604eb3	REQUIRED
vidimu-dataset-archive	dataset/videoandimus/S57/S57_A13_T01.raw	S57_A13_T01	IMU	INERTIAL_QUATERNION	1308604	1e8483c9eabd822340391072557165c91f4fe3e3dbd85d3a4e4b784f16d7a45e	REQUIRED
vidimu-video-archive-small	videosmallsize/videosoriginal/S40/S40_A01_T01.mp4	S40_A01_T01	VIDEO	VISUAL	799249	b6d8fd31bc9459e3f822c4df20a844232db491d260cd82d5e0585af3df3de0d9	REQUIRED
vidimu-video-archive-small	videosmallsize/videosoriginal/S40/S40_A02_T01.mp4	S40_A02_T01	VIDEO	VISUAL	951607	1d05d7cd20591d77a55e35491f028388362e1fac88588d2de008cdf48c4d6e95	REQUIRED
vidimu-video-archive-small	videosmallsize/videosoriginal/S40/S40_A03_T02.mp4	S40_A03_T02	VIDEO	VISUAL	841254	05cfd35448bfb345d9398353b80921192dd40920786c2c61f590fdf6100ddec6	REQUIRED
vidimu-video-archive-small	videosmallsize/videosoriginal/S40/S40_A04_T02.mp4	S40_A04_T02	VIDEO	VISUAL	400928	9c575f6dee19b6eabcf929456e493f1e03d871d72c41db8fde624fc30fc4fd8d	REQUIRED
vidimu-video-archive-small	videosmallsize/videosoriginal/S40/S40_A05_T01.mp4	S40_A05_T01	VIDEO	VISUAL	457534	0e9bb032169797afbeda7cd07ccf3fc1722b3aa568ff792bbcffc950267a02d1	REQUIRED
vidimu-video-archive-small	videosmallsize/videosoriginal/S40/S40_A06_T01.mp4	S40_A06_T01	VIDEO	VISUAL	345730	efea183ecbcd8d315867dcb81b8956908c820e895c750dffbf7835d2d84b8090	REQUIRED
vidimu-video-archive-small	videosmallsize/videosoriginal/S40/S40_A07_T01.mp4	S40_A07_T01	VIDEO	VISUAL	361112	30b32a1742bd99a2debc411774be556214747e68a5d7ad1238a7a092492c32a1	REQUIRED
vidimu-video-archive-small	videosmallsize/videosoriginal/S40/S40_A08_T01.mp4	S40_A08_T01	VIDEO	VISUAL	319959	882e3d1df946bc3a7f9e428a8cda4eea84d53ff9d3b94f08cd93dbb48fada65f	REQUIRED
vidimu-video-archive-small	videosmallsize/videosoriginal/S40/S40_A09_T02.mp4	S40_A09_T02	VIDEO	VISUAL	362882	31e33605c4c33c130246b0e556eb5a36b9e11c7b5684cb9c17381b16ea2dcb30	REQUIRED
vidimu-video-archive-small	videosmallsize/videosoriginal/S40/S40_A10_T01.mp4	S40_A10_T01	VIDEO	VISUAL	581120	cf7141f9e569f771dd32ef7854b4c070c54b08ab3316ea125ec994a6b56e7ba9	REQUIRED
vidimu-video-archive-small	videosmallsize/videosoriginal/S40/S40_A11_T01.mp4	S40_A11_T01	VIDEO	VISUAL	275417	b3ac9eda22f909aa6f74d773506099a66b1f55898d13b5dcad0666da0f0b0511	REQUIRED
vidimu-video-archive-small	videosmallsize/videosoriginal/S40/S40_A12_T01.mp4	S40_A12_T01	VIDEO	VISUAL	315365	f3afc136126e8ae18d5969e683036b74b66300014e36e9dea50a1eae678c5710	REQUIRED
vidimu-video-archive-small	videosmallsize/videosoriginal/S40/S40_A13_T01.mp4	S40_A13_T01	VIDEO	VISUAL	370228	4d2490451b40bdef9780697c40ffa178da4796b45291acc6bf7dda7db59e0d5d	REQUIRED
vidimu-video-archive-small	videosmallsize/videosoriginal/S41/S41_A01_T02.mp4	S41_A01_T02	VIDEO	VISUAL	1032248	acbd87bd10f40ef4ca0ebd59d3157eabf0dd16fa8a47f60a5032f97bdfb0cc1e	REQUIRED
vidimu-video-archive-small	videosmallsize/videosoriginal/S41/S41_A02_T01.mp4	S41_A02_T01	VIDEO	VISUAL	1058760	f67e02bad0182104481842ba26fc052cad5b3f178e177883bfce29dec03b3d6f	REQUIRED
vidimu-video-archive-small	videosmallsize/videosoriginal/S41/S41_A03_T01.mp4	S41_A03_T01	VIDEO	VISUAL	1337547	ca1db60e1491fdd68ef7cf461d60f6bff5dd52d432a9c9ef3c4dfd0562cf72b3	REQUIRED
vidimu-video-archive-small	videosmallsize/videosoriginal/S41/S41_A04_T01.mp4	S41_A04_T01	VIDEO	VISUAL	417897	2e1bac4f8dd6fd6b0207849b32302b497aa9c940296a531ea8daab71520cb9f5	REQUIRED
vidimu-video-archive-small	videosmallsize/videosoriginal/S41/S41_A05_T03.mp4	S41_A05_T03	VIDEO	VISUAL	346244	a7cfa980611bb20778ddf3e048f14a44e23e369438d12cec057028887eea2f87	REQUIRED
vidimu-video-archive-small	videosmallsize/videosoriginal/S41/S41_A06_T01.mp4	S41_A06_T01	VIDEO	VISUAL	350305	485a78bb5c55af436884adc69b9f6ce50f445f9c7583961f0e90e2265281dcfe	REQUIRED
vidimu-video-archive-small	videosmallsize/videosoriginal/S41/S41_A07_T01.mp4	S41_A07_T01	VIDEO	VISUAL	391891	39230f35b29af05408df8820af7a66ef6005b41aa9df2f5c94d3d3f900e05b5a	REQUIRED
vidimu-video-archive-small	videosmallsize/videosoriginal/S41/S41_A08_T01.mp4	S41_A08_T01	VIDEO	VISUAL	371469	62ded0511898082ce7a93547507c610c50646309df53125c80f4a156132aab08	REQUIRED
vidimu-video-archive-small	videosmallsize/videosoriginal/S41/S41_A09_T01.mp4	S41_A09_T01	VIDEO	VISUAL	569557	c19bb4b3f827ef67ad81b8ba066b2f910989a7a269c9f4577ccf6816b2cf6ce5	REQUIRED
vidimu-video-archive-small	videosmallsize/videosoriginal/S41/S41_A10_T01.mp4	S41_A10_T01	VIDEO	VISUAL	527131	e7be859051618401ff0e559e1a2c1d8454a194932e67acfc20371c6142e57e47	REQUIRED
vidimu-video-archive-small	videosmallsize/videosoriginal/S41/S41_A11_T02.mp4	S41_A11_T02	VIDEO	VISUAL	353490	5467107c1e34d03807924e0717d9bacada2af51dedf42ab5248b4a3b70cfc8f3	REQUIRED
vidimu-video-archive-small	videosmallsize/videosoriginal/S41/S41_A12_T02.mp4	S41_A12_T02	VIDEO	VISUAL	319100	b0277b1dca49acbdd0abc63c2724a12b5781ee58f21c8cfafaf5f1be63917cce	REQUIRED
vidimu-video-archive-small	videosmallsize/videosoriginal/S41/S41_A13_T02.mp4	S41_A13_T02	VIDEO	VISUAL	241369	6e0d1c0caabe22cb97f2c0123351ba389e36c5a96fa2865ce34506cbc6be22e9	REQUIRED
vidimu-video-archive-small	videosmallsize/videosoriginal/S42/S42_A01_T01.mp4	S42_A01_T01	VIDEO	VISUAL	923682	6e380e132e188061616fbea2cccbddf66c6fdd1b9d3bf40e4dda5196f0281442	REQUIRED
vidimu-video-archive-small	videosmallsize/videosoriginal/S42/S42_A02_T02.mp4	S42_A02_T02	VIDEO	VISUAL	1134228	6d1f0dbd4cc342598f0b5fa586a4fde5489066ea659002575085ac264f3074c3	REQUIRED
vidimu-video-archive-small	videosmallsize/videosoriginal/S42/S42_A03_T01.mp4	S42_A03_T01	VIDEO	VISUAL	1027025	50835b31f2b1217e3921cc60c2549a731deed8c7abb5081490e786fba429facd	REQUIRED
vidimu-video-archive-small	videosmallsize/videosoriginal/S42/S42_A04_T02.mp4	S42_A04_T02	VIDEO	VISUAL	457563	41ea94d9cd1af5d6edc20bc3c43a5a1c8b47ac7bdc17a3f3bbbe42f9b5d87337	REQUIRED
vidimu-video-archive-small	videosmallsize/videosoriginal/S42/S42_A05_T02.mp4	S42_A05_T02	VIDEO	VISUAL	360488	325c1655f1423edbe490161e0baab27925109535da6cd38245f95067952d6802	REQUIRED
vidimu-video-archive-small	videosmallsize/videosoriginal/S42/S42_A06_T01.mp4	S42_A06_T01	VIDEO	VISUAL	371769	9bc2fb1accec5819b4a069259a47dedaf82b3b1482bbf7f32d1f6d7fc217aa35	REQUIRED
vidimu-video-archive-small	videosmallsize/videosoriginal/S42/S42_A07_T01.mp4	S42_A07_T01	VIDEO	VISUAL	338433	a1963ce3613b214000876837d52baea1c335665128d6fc992399ebf6c77839b8	REQUIRED
vidimu-video-archive-small	videosmallsize/videosoriginal/S42/S42_A08_T01.mp4	S42_A08_T01	VIDEO	VISUAL	341387	dc8b39efa7b444dd7c09f2bed837ebf0369d2c92f5d3e9fde495c4e2101850e7	REQUIRED
vidimu-video-archive-small	videosmallsize/videosoriginal/S42/S42_A09_T01.mp4	S42_A09_T01	VIDEO	VISUAL	350167	03d9b545b96be83e834234275afc467c2c5ae899389c61d8541296025ed51f36	REQUIRED
vidimu-video-archive-small	videosmallsize/videosoriginal/S42/S42_A10_T02.mp4	S42_A10_T02	VIDEO	VISUAL	402249	a543a8f7a9eb5f4174b8a6b582cf77f4c0ba5bd66d36a74fcdfddf98469bf20b	REQUIRED
vidimu-video-archive-small	videosmallsize/videosoriginal/S42/S42_A11_T01.mp4	S42_A11_T01	VIDEO	VISUAL	229822	fc55b13409c6cc8c813a1fa168d11e06ae4c87895ba092e0b461b1ebe356f9d7	REQUIRED
vidimu-video-archive-small	videosmallsize/videosoriginal/S42/S42_A12_T02.mp4	S42_A12_T02	VIDEO	VISUAL	307246	dae657599b6bb3fd7653e8d935ff079caa2944f17341371358e1232eaab26de7	REQUIRED
vidimu-video-archive-small	videosmallsize/videosoriginal/S42/S42_A13_T02.mp4	S42_A13_T02	VIDEO	VISUAL	183910	8f4bb8fe5032443c3a2df33d631b388f9cdfeded091b7162a5ab2ebca8e95481	REQUIRED
vidimu-video-archive-small	videosmallsize/videosoriginal/S44/S44_A01_T01.mp4	S44_A01_T01	VIDEO	VISUAL	1124263	110b26bb8578878c0976329c7c4dbd561c54313891395f59f7457478452c4336	REQUIRED
vidimu-video-archive-small	videosmallsize/videosoriginal/S44/S44_A02_T01.mp4	S44_A02_T01	VIDEO	VISUAL	1234302	232604c5cb95933a0efd76e7616b61db384e63162479fb24231fe7778bb1ebad	REQUIRED
vidimu-video-archive-small	videosmallsize/videosoriginal/S44/S44_A03_T01.mp4	S44_A03_T01	VIDEO	VISUAL	1156905	ab09b769c48b85a7f001cef6c8a1ea4649ff32cfc01f330d7606960cfa7182f9	REQUIRED
vidimu-video-archive-small	videosmallsize/videosoriginal/S44/S44_A04_T01.mp4	S44_A04_T01	VIDEO	VISUAL	488704	1ab0ae575ca06c9abc29b504680d435feb5fa64c60f088ee7ff72a0c3f2e2327	REQUIRED
vidimu-video-archive-small	videosmallsize/videosoriginal/S44/S44_A05_T01.mp4	S44_A05_T01	VIDEO	VISUAL	416177	14d3f2dba7a4b54e51a37cce19eb0a4e54df0dcdb73e78d6e80e05cde243c2d4	REQUIRED
vidimu-video-archive-small	videosmallsize/videosoriginal/S44/S44_A06_T02.mp4	S44_A06_T02	VIDEO	VISUAL	455143	21720ed2b1deaaaa174b7c88870bb0a25a9c2033054380eed448a04f14e6b7b5	REQUIRED
vidimu-video-archive-small	videosmallsize/videosoriginal/S44/S44_A07_T01.mp4	S44_A07_T01	VIDEO	VISUAL	383199	d6a31f2a1cb26fcbae049dd65c5c1e759df5104c37456883c389a094c573c511	REQUIRED
vidimu-video-archive-small	videosmallsize/videosoriginal/S44/S44_A08_T02.mp4	S44_A08_T02	VIDEO	VISUAL	290130	60337e7563aa0f99e2700d6aa69b4338048aaa2c938bccfd947adc0e59c76782	REQUIRED
vidimu-video-archive-small	videosmallsize/videosoriginal/S44/S44_A09_T02.mp4	S44_A09_T02	VIDEO	VISUAL	277736	1f2c6ac9bb7302dfe2bf803a4bc577d1b1da72435f3ee9e0c0d3200f791ea5aa	REQUIRED
vidimu-video-archive-small	videosmallsize/videosoriginal/S44/S44_A10_T03.mp4	S44_A10_T03	VIDEO	VISUAL	410709	2dca731a2228f3e59e4ed1df2b4ce4cd1b40d701e954d87bc00e64b372914652	REQUIRED
vidimu-video-archive-small	videosmallsize/videosoriginal/S44/S44_A11_T01.mp4	S44_A11_T01	VIDEO	VISUAL	261372	9fb9991847d208b12b9074a4caa3ba36007700ad975866d8171537e25f861f37	REQUIRED
vidimu-video-archive-small	videosmallsize/videosoriginal/S44/S44_A12_T01.mp4	S44_A12_T01	VIDEO	VISUAL	267550	9f8e6f9fac05836439df942dea23500f7697eea8b88785dd3addefe29653ef54	REQUIRED
vidimu-video-archive-small	videosmallsize/videosoriginal/S44/S44_A13_T01.mp4	S44_A13_T01	VIDEO	VISUAL	281297	ebec9657a166e8e0e3a63229273057d67532a36baf3cf34ea8bbf79b1002adf5	REQUIRED
vidimu-video-archive-small	videosmallsize/videosoriginal/S46/S46_A01_T01.mp4	S46_A01_T01	VIDEO	VISUAL	782459	f66fc58a55b18096c71f5e7854cba2720c78a0b06828360162a768d08c9a6c3a	REQUIRED
vidimu-video-archive-small	videosmallsize/videosoriginal/S46/S46_A02_T02.mp4	S46_A02_T02	VIDEO	VISUAL	978029	1ceba55123a7cff7a732bb576041403f0d96b10a2facc23faa2b240ca5cc9407	REQUIRED
vidimu-video-archive-small	videosmallsize/videosoriginal/S46/S46_A03_T02.mp4	S46_A03_T02	VIDEO	VISUAL	820654	5abdf688326cf5a41fe8e3b4c5fe488d3d5562c16821b42fe6b004bf8f300cbc	REQUIRED
vidimu-video-archive-small	videosmallsize/videosoriginal/S46/S46_A04_T01.mp4	S46_A04_T01	VIDEO	VISUAL	373878	33703d7d1e02bb474886f47d7717088adb28ade0043bedcb6e440a7c08450b1a	REQUIRED
vidimu-video-archive-small	videosmallsize/videosoriginal/S46/S46_A05_T01.mp4	S46_A05_T01	VIDEO	VISUAL	359596	3aefb0fef8c8c4eb21460879703bbf4cd827069a26aef1a2c886aa2459e99efa	REQUIRED
vidimu-video-archive-small	videosmallsize/videosoriginal/S46/S46_A06_T01.mp4	S46_A06_T01	VIDEO	VISUAL	321833	b4766ef4e42be0858a3b01451dbd03ff838c77a89d7131b102f5a65c3e0558bf	REQUIRED
vidimu-video-archive-small	videosmallsize/videosoriginal/S46/S46_A07_T02.mp4	S46_A07_T02	VIDEO	VISUAL	356313	fd5ccd379b6061bdc531c9ba69ec8ebe195ad9415893f04ce14952959e6e3b4d	REQUIRED
vidimu-video-archive-small	videosmallsize/videosoriginal/S46/S46_A08_T01.mp4	S46_A08_T01	VIDEO	VISUAL	341399	52226ee4707498ea2586e72c51bc3484e1efceaf8538c7fdfb30406ae85ac989	REQUIRED
vidimu-video-archive-small	videosmallsize/videosoriginal/S46/S46_A09_T02.mp4	S46_A09_T02	VIDEO	VISUAL	379812	ca3ce80bed230233b00db190c3094cc84e3f2f4ecbbc2b17dc5c4128ff30eb52	REQUIRED
vidimu-video-archive-small	videosmallsize/videosoriginal/S46/S46_A10_T02.mp4	S46_A10_T02	VIDEO	VISUAL	446335	4ccc2ef6d4447b056029c5a6a0c96ff5ff32983fa7fce073a8c882ba38f7d917	REQUIRED
vidimu-video-archive-small	videosmallsize/videosoriginal/S46/S46_A11_T03.mp4	S46_A11_T03	VIDEO	VISUAL	249872	4eabd377b46310779b450f5b29bb7f939928a4e91ebafcc536740bc5a226aea6	REQUIRED
vidimu-video-archive-small	videosmallsize/videosoriginal/S46/S46_A12_T02.mp4	S46_A12_T02	VIDEO	VISUAL	294391	4b7f83fb0044d30d3d9e782623eb4653378010e802fc17cd99e94097e0451d42	REQUIRED
vidimu-video-archive-small	videosmallsize/videosoriginal/S46/S46_A13_T01.mp4	S46_A13_T01	VIDEO	VISUAL	202334	8540bbbd6e810e17b58abfcbd2f15c1237f26331c7cd6271e18fd2e6e89a3215	REQUIRED
vidimu-video-archive-small	videosmallsize/videosoriginal/S47/S47_A01_T01.mp4	S47_A01_T01	VIDEO	VISUAL	1102592	e9d36947561c03455b0fac4395896cc855f353f18fabd7fb0b840ed355cc94f0	REQUIRED
vidimu-video-archive-small	videosmallsize/videosoriginal/S47/S47_A02_T02.mp4	S47_A02_T02	VIDEO	VISUAL	1050975	7d86b4128cca7a4a132a70d7261cdb5b0d71182650a706db6d53c846c458a2d3	REQUIRED
vidimu-video-archive-small	videosmallsize/videosoriginal/S47/S47_A03_T02.mp4	S47_A03_T02	VIDEO	VISUAL	953710	797bb89c707a6f0d16cc21713bf738206a8f681d92407e0dfef2a614b827121d	REQUIRED
vidimu-video-archive-small	videosmallsize/videosoriginal/S47/S47_A04_T02.mp4	S47_A04_T02	VIDEO	VISUAL	406045	731639e8c8d2b7223196bc3a5f0eb2c8d53815dfe4b99c825e6bc01b5f57cfce	REQUIRED
vidimu-video-archive-small	videosmallsize/videosoriginal/S47/S47_A05_T02.mp4	S47_A05_T02	VIDEO	VISUAL	472498	82ea4a01a7aac8c8dd9536dcf731d3d36bd74759d16d2237f966bcd7ebe4661b	REQUIRED
vidimu-video-archive-small	videosmallsize/videosoriginal/S47/S47_A06_T01.mp4	S47_A06_T01	VIDEO	VISUAL	433009	b313176605a7bda6ba1ec20d926d03750bbafb78b9ed4013ac4fc88738b997ce	REQUIRED
vidimu-video-archive-small	videosmallsize/videosoriginal/S47/S47_A07_T02.mp4	S47_A07_T02	VIDEO	VISUAL	308680	ccd43cf04aa0633d7a4a943ec19a625ee2b2b5b70aba1e35412984f054955b56	REQUIRED
vidimu-video-archive-small	videosmallsize/videosoriginal/S47/S47_A08_T01.mp4	S47_A08_T01	VIDEO	VISUAL	324815	32b310d63e36126598eb0d4278cf12c6522a726a48c581cb3705c5e44953a988	REQUIRED
vidimu-video-archive-small	videosmallsize/videosoriginal/S47/S47_A09_T02.mp4	S47_A09_T02	VIDEO	VISUAL	288228	443d483cdeee0ddaa610cc6aae357f8e37cdb2b1f0b27b61e5324c7c1726a9f4	REQUIRED
vidimu-video-archive-small	videosmallsize/videosoriginal/S47/S47_A10_T02.mp4	S47_A10_T02	VIDEO	VISUAL	421706	e4ec9f8e1d863669cfb9e8942018ded3e5cdbdb9a9096315d1fc491f68bc1541	REQUIRED
vidimu-video-archive-small	videosmallsize/videosoriginal/S47/S47_A11_T02.mp4	S47_A11_T02	VIDEO	VISUAL	214756	8db9edb69ed3f9d781e2660712016d8848f349d2ea54757f8cf7940067b9b92f	REQUIRED
vidimu-video-archive-small	videosmallsize/videosoriginal/S47/S47_A12_T02.mp4	S47_A12_T02	VIDEO	VISUAL	271195	0f29a1aabc2fac59c80ea7621e70080581606a3c1cd2febc1a3463c13a367d88	REQUIRED
vidimu-video-archive-small	videosmallsize/videosoriginal/S47/S47_A13_T02.mp4	S47_A13_T02	VIDEO	VISUAL	208821	100d271d97dbaff7b1ccf539ce4f0b83e01d559d8f3459bf57d81c0ca7dc254b	REQUIRED
vidimu-video-archive-small	videosmallsize/videosoriginal/S48/S48_A01_T01.mp4	S48_A01_T01	VIDEO	VISUAL	1206219	9465efcb51fc5aaa6516e90199177cf40184f57ea84e77b5f78543b623984eb5	REQUIRED
vidimu-video-archive-small	videosmallsize/videosoriginal/S48/S48_A02_T02.mp4	S48_A02_T02	VIDEO	VISUAL	1525193	a9e21f728436f68ffc9810802ff7355a71f8d023aac24c59dacfaba508a2d143	REQUIRED
vidimu-video-archive-small	videosmallsize/videosoriginal/S48/S48_A03_T02.mp4	S48_A03_T02	VIDEO	VISUAL	1234588	ba2f5e9db4ee01e65b39c1331be7c3a3ae73bd9a6d9a2c84895813ad0d8ef093	REQUIRED
vidimu-video-archive-small	videosmallsize/videosoriginal/S48/S48_A04_T01.mp4	S48_A04_T01	VIDEO	VISUAL	610723	0aad0a8dcaa584f37dfae72afdf7c0e8d94905980627c7e11a7334061be3a28b	REQUIRED
vidimu-video-archive-small	videosmallsize/videosoriginal/S48/S48_A05_T02.mp4	S48_A05_T02	VIDEO	VISUAL	618605	f91e1caeee2508cbeceb9f1b7f987aaec29af46006d59a4c574a950fe8e22c17	REQUIRED
vidimu-video-archive-small	videosmallsize/videosoriginal/S48/S48_A06_T02.mp4	S48_A06_T02	VIDEO	VISUAL	472856	215de30efb59a6f9e9655d29a524ec388bb82984e8e11df39fb683dea23a9c01	REQUIRED
vidimu-video-archive-small	videosmallsize/videosoriginal/S48/S48_A07_T02.mp4	S48_A07_T02	VIDEO	VISUAL	372048	681e63018a63c1f19f3f97708612e7483e3e2918d05cf4e481ea511cbe8dc5d7	REQUIRED
vidimu-video-archive-small	videosmallsize/videosoriginal/S48/S48_A08_T01.mp4	S48_A08_T01	VIDEO	VISUAL	372596	70946458b24954ab08f3edc65e4085318d526f2281b45c8042987e5dfea349a6	REQUIRED
vidimu-video-archive-small	videosmallsize/videosoriginal/S48/S48_A09_T01.mp4	S48_A09_T01	VIDEO	VISUAL	307833	681d64188bbdb75c083eea96137ce53d1719c08e1f972c0f09dd05f6f574b8b6	REQUIRED
vidimu-video-archive-small	videosmallsize/videosoriginal/S48/S48_A10_T02.mp4	S48_A10_T02	VIDEO	VISUAL	442036	bfc02189496146943ba87f70c14f6409b9b530b47ea2cc8fcf23573c6be952cd	REQUIRED
vidimu-video-archive-small	videosmallsize/videosoriginal/S48/S48_A11_T02.mp4	S48_A11_T02	VIDEO	VISUAL	227235	e9a90674db631fc975ba09266249f295fede4f8bcd4780ac06dfeedcced6486d	REQUIRED
vidimu-video-archive-small	videosmallsize/videosoriginal/S48/S48_A12_T02.mp4	S48_A12_T02	VIDEO	VISUAL	282101	49863d613427bb75034b805cb876c8e88eeafe4cfd40e4422acb7d778ff72540	REQUIRED
vidimu-video-archive-small	videosmallsize/videosoriginal/S48/S48_A13_T02.mp4	S48_A13_T02	VIDEO	VISUAL	269606	4e81290cb25aae0a846bf80d2c0328f77028e5dd28c44b7670830b8aa129ab80	REQUIRED
vidimu-video-archive-small	videosmallsize/videosoriginal/S49/S49_A01_T02.mp4	S49_A01_T02	VIDEO	VISUAL	989490	79c11f46d6b51dce8558cf2d7416c04615a4c65038c201ab76ba9e4b90178483	REQUIRED
vidimu-video-archive-small	videosmallsize/videosoriginal/S49/S49_A02_T01.mp4	S49_A02_T01	VIDEO	VISUAL	1491058	e5df11fd35885196207b5861b22088c2e4054101d8f5d9cab34285c0ebf231c0	REQUIRED
vidimu-video-archive-small	videosmallsize/videosoriginal/S49/S49_A03_T01.mp4	S49_A03_T01	VIDEO	VISUAL	1128123	ed0b9a86a19d1e041c5c85375910a4e2d69215997d4ffca56625d2245bf7c3dc	REQUIRED
vidimu-video-archive-small	videosmallsize/videosoriginal/S49/S49_A04_T01.mp4	S49_A04_T01	VIDEO	VISUAL	524080	9abcb9b479a565f4260cee48c98c24a92bac09811853bd0e9bafa3f2f4a7c263	REQUIRED
vidimu-video-archive-small	videosmallsize/videosoriginal/S49/S49_A05_T01.mp4	S49_A05_T01	VIDEO	VISUAL	410873	2c4875627b609d28a71ed085a48151326fa52f1e9f8073138a6b8e966c9dc2e7	REQUIRED
vidimu-video-archive-small	videosmallsize/videosoriginal/S49/S49_A06_T02.mp4	S49_A06_T02	VIDEO	VISUAL	391378	391de1f7e78425cb039b2f4acc923583ab2b3b712abc9b92edfa14d138ce4307	REQUIRED
vidimu-video-archive-small	videosmallsize/videosoriginal/S49/S49_A07_T02.mp4	S49_A07_T02	VIDEO	VISUAL	296449	06db9e47727807a00d8a091939a9aa7947454135df879a13a22ab566292a4abe	REQUIRED
vidimu-video-archive-small	videosmallsize/videosoriginal/S49/S49_A08_T01.mp4	S49_A08_T01	VIDEO	VISUAL	309481	b21f70c9c396e4e5a0377861ef330751a2690a08ccabf2095b5dce940dbb84d3	REQUIRED
vidimu-video-archive-small	videosmallsize/videosoriginal/S49/S49_A09_T01.mp4	S49_A09_T01	VIDEO	VISUAL	325095	f1b3fec5dac2c393f43a25ecce7a8be497cc999fc6bbd55bc676ef20b092f013	REQUIRED
vidimu-video-archive-small	videosmallsize/videosoriginal/S49/S49_A10_T01.mp4	S49_A10_T01	VIDEO	VISUAL	421817	9e89044c9c4b7f48ffaf02cde64275c00749729e36d87dbe26a3ffb7d4dbfe41	REQUIRED
vidimu-video-archive-small	videosmallsize/videosoriginal/S49/S49_A11_T02.mp4	S49_A11_T02	VIDEO	VISUAL	194018	e762d4d13636167722a110ab9c2c746354fabce6e7777f29ec475c107a0c9f4a	REQUIRED
vidimu-video-archive-small	videosmallsize/videosoriginal/S49/S49_A12_T02.mp4	S49_A12_T02	VIDEO	VISUAL	206969	382a8eb6c4b1a74dc57efcae3ea034bf67ce729949952b3ec6d1361625502af3	REQUIRED
vidimu-video-archive-small	videosmallsize/videosoriginal/S49/S49_A13_T01.mp4	S49_A13_T01	VIDEO	VISUAL	229181	c1e3e7c25e0bf4b417ac9849913a9f6b2df7edc248e6f56eca164eb7a53bb849	REQUIRED
vidimu-video-archive-small	videosmallsize/videosoriginal/S50/S50_A01_T03.mp4	S50_A01_T03	VIDEO	VISUAL	962028	22f462788ee395f4fe2feedbdc9c326d2c3c6b7554bc58f7b07d61e86c02408f	REQUIRED
vidimu-video-archive-small	videosmallsize/videosoriginal/S50/S50_A02_T02.mp4	S50_A02_T02	VIDEO	VISUAL	1052411	e0efc001b105c5c27a5d9cbb575b9be30bfe2c8292fc1d5c6fe62e75a357a146	REQUIRED
vidimu-video-archive-small	videosmallsize/videosoriginal/S50/S50_A03_T01.mp4	S50_A03_T01	VIDEO	VISUAL	1023127	74bfc8704edceba4ba7f6067ca56933a018a3f1dd4b05aef76f314d1fb0deff1	REQUIRED
vidimu-video-archive-small	videosmallsize/videosoriginal/S50/S50_A04_T01.mp4	S50_A04_T01	VIDEO	VISUAL	539042	8942b2463b959541018f1090428c7cdb7d76e95c46ae24e0fbd25926f2ced1ea	REQUIRED
vidimu-video-archive-small	videosmallsize/videosoriginal/S50/S50_A05_T02.mp4	S50_A05_T02	VIDEO	VISUAL	432589	cc9b26e42b289e750805aa08c9c93ebe23e11418d7801551be56abf1b3f8a532	REQUIRED
vidimu-video-archive-small	videosmallsize/videosoriginal/S50/S50_A06_T01.mp4	S50_A06_T01	VIDEO	VISUAL	415163	81a548c34b270ad60ca3967baca6d1ccfb283cbeda662d1ad4e4290935a79066	REQUIRED
vidimu-video-archive-small	videosmallsize/videosoriginal/S50/S50_A07_T01.mp4	S50_A07_T01	VIDEO	VISUAL	372282	38f58804d58c9127bd6c433d6d322aece6c6ad375f54a05b463be9e5d7982c96	REQUIRED
vidimu-video-archive-small	videosmallsize/videosoriginal/S50/S50_A08_T01.mp4	S50_A08_T01	VIDEO	VISUAL	383967	abb4dfc07fd92807aaa96441d8275a1a6c1c75c8c769ed7f00abc4115070ce0f	REQUIRED
vidimu-video-archive-small	videosmallsize/videosoriginal/S50/S50_A09_T01.mp4	S50_A09_T01	VIDEO	VISUAL	420135	820306a2cab83c047099dd4edc62913bd96c030e633b58889420a93c91a75424	REQUIRED
vidimu-video-archive-small	videosmallsize/videosoriginal/S50/S50_A10_T02.mp4	S50_A10_T02	VIDEO	VISUAL	454692	f168e066841d39fef26e213e8da04d1caf2b3eb237d74f00efa29dd6aaca76d9	REQUIRED
vidimu-video-archive-small	videosmallsize/videosoriginal/S50/S50_A11_T02.mp4	S50_A11_T02	VIDEO	VISUAL	246114	62e7f6f622fff58c02437b64e77a4fa496b4ef8acbb81be1d4c6559ba13a0ad0	REQUIRED
vidimu-video-archive-small	videosmallsize/videosoriginal/S50/S50_A12_T01.mp4	S50_A12_T01	VIDEO	VISUAL	257638	8b00b2f958af4612f1921e58a095b4a0f214df44e2c85df92b27862bccbc1cd5	REQUIRED
vidimu-video-archive-small	videosmallsize/videosoriginal/S50/S50_A13_T01.mp4	S50_A13_T01	VIDEO	VISUAL	185607	dd657dad3570d56c50a492f5f30fbf459e5305bf934d821a4504d079dcd5baa8	REQUIRED
vidimu-video-archive-small	videosmallsize/videosoriginal/S51/S51_A01_T02.mp4	S51_A01_T02	VIDEO	VISUAL	904160	bd46fb3495309dca92c3a01afee454b7c4d97bc0f9f5c2e60e051d534e096042	REQUIRED
vidimu-video-archive-small	videosmallsize/videosoriginal/S51/S51_A02_T02.mp4	S51_A02_T02	VIDEO	VISUAL	956834	b1882164c652f2f935f3dfec1b68f0e88c0117aac99573d7908dce2b74eadb0e	REQUIRED
vidimu-video-archive-small	videosmallsize/videosoriginal/S51/S51_A03_T02.mp4	S51_A03_T02	VIDEO	VISUAL	1029682	4850617497450a2ae7c9a036962861bb5f0b714c63be4e2380b2e065942c20fc	REQUIRED
vidimu-video-archive-small	videosmallsize/videosoriginal/S51/S51_A04_T02.mp4	S51_A04_T02	VIDEO	VISUAL	494567	4b4b71de890f1b2059f01c13200338a63cb734cf04e9c4a8aff82fb2c39b2e53	REQUIRED
vidimu-video-archive-small	videosmallsize/videosoriginal/S51/S51_A05_T03.mp4	S51_A05_T03	VIDEO	VISUAL	486259	1b7bca2690a7fe5f076db537d9d418a6a69fde63e7d721114bdfc6aef8361b9d	REQUIRED
vidimu-video-archive-small	videosmallsize/videosoriginal/S51/S51_A06_T03.mp4	S51_A06_T03	VIDEO	VISUAL	372478	d2a028b162a9d79e2e2a667325b1dd45de4bd8ee67f20efd8b225458ab6a7ecb	REQUIRED
vidimu-video-archive-small	videosmallsize/videosoriginal/S51/S51_A07_T01.mp4	S51_A07_T01	VIDEO	VISUAL	357944	7762205845aef88178a6a058c8c28c46cfe1cdf1b6f326c5dc9d176a9459149f	REQUIRED
vidimu-video-archive-small	videosmallsize/videosoriginal/S51/S51_A08_T02.mp4	S51_A08_T02	VIDEO	VISUAL	329152	ff30104a3a8addd391c6ee2e62604fea431995a12f045f6f440c4c4d74d8c810	REQUIRED
vidimu-video-archive-small	videosmallsize/videosoriginal/S51/S51_A09_T02.mp4	S51_A09_T02	VIDEO	VISUAL	334498	65cbcf82e8727be787d729b8207a3079539a5b20f54bd2b837d6a9d1a453b3ec	REQUIRED
vidimu-video-archive-small	videosmallsize/videosoriginal/S51/S51_A10_T01.mp4	S51_A10_T01	VIDEO	VISUAL	414226	e0c3bb1de1717effbcaef548f1b02af004147efcef0e397bd035f7e70ae94693	REQUIRED
vidimu-video-archive-small	videosmallsize/videosoriginal/S51/S51_A11_T02.mp4	S51_A11_T02	VIDEO	VISUAL	267775	520ef00dca9b996c79b419981ebf01696743273d8114c38cb10df6ad89aef40a	REQUIRED
vidimu-video-archive-small	videosmallsize/videosoriginal/S51/S51_A12_T02.mp4	S51_A12_T02	VIDEO	VISUAL	273456	2447b98a2d5bf3f7272d074f34c167146b6bcab0f1ac1bc900ba3a0811786290	REQUIRED
vidimu-video-archive-small	videosmallsize/videosoriginal/S51/S51_A13_T02.mp4	S51_A13_T02	VIDEO	VISUAL	219236	40e3ff7f4e223bc9d2ed7bd46cf64fc0571b399cf1fcf9d57c0a05ce07ad3816	REQUIRED
vidimu-video-archive-small	videosmallsize/videosoriginal/S52/S52_A01_T02.mp4	S52_A01_T02	VIDEO	VISUAL	1053645	55e452717c8820950cb30bd2a0e90cf348fab223a2e75c2983337fe907353eb9	REQUIRED
vidimu-video-archive-small	videosmallsize/videosoriginal/S52/S52_A02_T02.mp4	S52_A02_T02	VIDEO	VISUAL	1267964	58624ba9c5f005672e7032ffce1442b3a988183e3479236bc2e0ac8a3b4f51ca	REQUIRED
vidimu-video-archive-small	videosmallsize/videosoriginal/S52/S52_A03_T03.mp4	S52_A03_T03	VIDEO	VISUAL	1293714	35b3c3f3bce59344ca566230585faa6995df236b42f55a2d9adc9dfdf7661168	REQUIRED
vidimu-video-archive-small	videosmallsize/videosoriginal/S52/S52_A04_T03.mp4	S52_A04_T03	VIDEO	VISUAL	620940	6f9e9d8fd472314878a26dfe59e65cf90249727ca3c7f1b5c9ffcddf68996f9f	REQUIRED
vidimu-video-archive-small	videosmallsize/videosoriginal/S52/S52_A05_T02.mp4	S52_A05_T02	VIDEO	VISUAL	460884	de32e9b51cdaa38b541585bf6553b2adab7cc4926089b47b6052a61ee9287f34	REQUIRED
vidimu-video-archive-small	videosmallsize/videosoriginal/S52/S52_A06_T05.mp4	S52_A06_T05	VIDEO	VISUAL	416505	5b731033f90133483d65b03d1476c551558f9c4412d33e99b5b0e39780fbd401	REQUIRED
vidimu-video-archive-small	videosmallsize/videosoriginal/S52/S52_A07_T02.mp4	S52_A07_T02	VIDEO	VISUAL	401802	cd5f84c9c0f9c5dbe4f25a03db179ad9b943d26425ba4160116788c6977625dd	REQUIRED
vidimu-video-archive-small	videosmallsize/videosoriginal/S52/S52_A08_T02.mp4	S52_A08_T02	VIDEO	VISUAL	383801	8beeb0147e68fdd2f8d49109b05aa3febc52dadb8022987200e2acef1e5ddabe	REQUIRED
vidimu-video-archive-small	videosmallsize/videosoriginal/S52/S52_A09_T02.mp4	S52_A09_T02	VIDEO	VISUAL	420059	eb25073298834bccb4debe2bad1ee86521213b19b24c0fd3bb66e68fface429a	REQUIRED
vidimu-video-archive-small	videosmallsize/videosoriginal/S52/S52_A10_T01.mp4	S52_A10_T01	VIDEO	VISUAL	555370	066b93de695f9717d44bd0d59d9ccf8d52d30effc2219c642a39f4637ded380b	REQUIRED
vidimu-video-archive-small	videosmallsize/videosoriginal/S52/S52_A11_T02.mp4	S52_A11_T02	VIDEO	VISUAL	287875	3401f20f1bfa6659e4ca18cabe909b0b0a4fa39ec7a7ded26086b9d6c936eb81	REQUIRED
vidimu-video-archive-small	videosmallsize/videosoriginal/S52/S52_A12_T02.mp4	S52_A12_T02	VIDEO	VISUAL	301470	7d2ccd5c08ffcf6ae0498b47e4de4bcd9e57b75ed749ab5fcc615922e06051b8	REQUIRED
vidimu-video-archive-small	videosmallsize/videosoriginal/S52/S52_A13_T02.mp4	S52_A13_T02	VIDEO	VISUAL	234140	c7d3e396c589d7f926d3bbcec6fcfbf5f681af4e76a522906a9b6798e0fe2e20	REQUIRED
vidimu-video-archive-small	videosmallsize/videosoriginal/S53/S53_A01_T02.mp4	S53_A01_T02	VIDEO	VISUAL	1172078	ac8108b749d9c8e89fc03154b73d2628f98b7d71056cab761e9f6d6efd19138b	REQUIRED
vidimu-video-archive-small	videosmallsize/videosoriginal/S53/S53_A02_T01.mp4	S53_A02_T01	VIDEO	VISUAL	1213857	e1223918f61a126fa6f6b2d4e06bd53764f60e5d3ebe0c6f9a397e33f56be7e4	REQUIRED
vidimu-video-archive-small	videosmallsize/videosoriginal/S53/S53_A03_T02.mp4	S53_A03_T02	VIDEO	VISUAL	1120852	f8d6e4f7dd93759379ad82e0ebadb2a7194bf90128249f7b51ec3c4bdd3f0f89	REQUIRED
vidimu-video-archive-small	videosmallsize/videosoriginal/S53/S53_A04_T01.mp4	S53_A04_T01	VIDEO	VISUAL	554384	f96252c1cf4d1ba70f1eb0d647e0df475bdbde1c34164d6362b5485db245a711	REQUIRED
vidimu-video-archive-small	videosmallsize/videosoriginal/S53/S53_A05_T01.mp4	S53_A05_T01	VIDEO	VISUAL	456565	98508cd00e9c7d41abfa7175f2f0d73ce7cb42e210ecdfbc4165cc4509d66d32	REQUIRED
vidimu-video-archive-small	videosmallsize/videosoriginal/S53/S53_A06_T01.mp4	S53_A06_T01	VIDEO	VISUAL	450307	2733f22262ce03530b61d1fe54c1bb89005a4cedaff6cc4f0b76981e35828365	REQUIRED
vidimu-video-archive-small	videosmallsize/videosoriginal/S53/S53_A07_T02.mp4	S53_A07_T02	VIDEO	VISUAL	513033	9032238995df00c91a2da7b6d5b162726ab874adda099a2c75b027275a9fd018	REQUIRED
vidimu-video-archive-small	videosmallsize/videosoriginal/S53/S53_A08_T02.mp4	S53_A08_T02	VIDEO	VISUAL	407603	530c67242409107b9f131d813c1e50d0949ccbc9b244c817d80f2d49297f1973	REQUIRED
vidimu-video-archive-small	videosmallsize/videosoriginal/S53/S53_A09_T01.mp4	S53_A09_T01	VIDEO	VISUAL	326011	32920bdb15b499917bd8f81e362ecb148989679f55f1a9c573bb7a2574bdbca0	REQUIRED
vidimu-video-archive-small	videosmallsize/videosoriginal/S53/S53_A10_T01.mp4	S53_A10_T01	VIDEO	VISUAL	529080	ae1ec79487dc0413b3be3f8c877377b27424bfe1b4efaea776028a36e35bf707	REQUIRED
vidimu-video-archive-small	videosmallsize/videosoriginal/S53/S53_A11_T01.mp4	S53_A11_T01	VIDEO	VISUAL	368772	b1566a55681195dab380978ee4ac155c55ced32bbcf4b968857146f21af9bad7	REQUIRED
vidimu-video-archive-small	videosmallsize/videosoriginal/S53/S53_A12_T01.mp4	S53_A12_T01	VIDEO	VISUAL	344952	6dfa3654df9e7aed3494a0fee4d1761ccdd2f7ce592e09e1cc17efcfd4e9bfc4	REQUIRED
vidimu-video-archive-small	videosmallsize/videosoriginal/S53/S53_A13_T03.mp4	S53_A13_T03	VIDEO	VISUAL	210547	423dd8d1ba1ae48181fa5139c67fab8d7d811ff136004d771f2ade91a4f0cde6	REQUIRED
vidimu-video-archive-small	videosmallsize/videosoriginal/S54/S54_A01_T03.mp4	S54_A01_T03	VIDEO	VISUAL	1112278	0826a6165c5d23128d6fe5989dbc27d071d482c0f285679f7536056cff1f9ced	REQUIRED
vidimu-video-archive-small	videosmallsize/videosoriginal/S54/S54_A02_T01.mp4	S54_A02_T01	VIDEO	VISUAL	984968	61655a8f37282503edc9c2b2996d7d957b83e55daf6179a44b5413623c346952	REQUIRED
vidimu-video-archive-small	videosmallsize/videosoriginal/S54/S54_A03_T01.mp4	S54_A03_T01	VIDEO	VISUAL	984013	325f99a25f29e86d98a97dec4e004cb7ed14ac3cb4e23c007f775a0a088d74b3	REQUIRED
vidimu-video-archive-small	videosmallsize/videosoriginal/S54/S54_A04_T02.mp4	S54_A04_T02	VIDEO	VISUAL	410317	c9e438fd314e0235d774cb33d163d8905d0bc7737cf7de8a75232f3c6ca848f7	REQUIRED
vidimu-video-archive-small	videosmallsize/videosoriginal/S54/S54_A05_T02.mp4	S54_A05_T02	VIDEO	VISUAL	427697	69d84c55f4cb9034a2f98ae5de0d5a9b1d68c413255fa401943428f3117e95b7	REQUIRED
vidimu-video-archive-small	videosmallsize/videosoriginal/S54/S54_A06_T02.mp4	S54_A06_T02	VIDEO	VISUAL	432170	4fc0341ce269f121e92569084848d7ac2eafd28c03b89d37214487b1cc2bf52d	REQUIRED
vidimu-video-archive-small	videosmallsize/videosoriginal/S54/S54_A07_T01.mp4	S54_A07_T01	VIDEO	VISUAL	493867	c72b61c5d545335d2c14e8359a926fc843fec14d30ee7da652eb53ecd0d5a6d1	REQUIRED
vidimu-video-archive-small	videosmallsize/videosoriginal/S54/S54_A08_T02.mp4	S54_A08_T02	VIDEO	VISUAL	427051	d9204bc377116e05e2a594052e72ad02d232f783e983018540018394ee2e9ae2	REQUIRED
vidimu-video-archive-small	videosmallsize/videosoriginal/S54/S54_A09_T01.mp4	S54_A09_T01	VIDEO	VISUAL	480059	2cf87695f03645b16e025eb6a9fced53ec7ac4d48467e4bd04c07d04e3eb04bf	REQUIRED
vidimu-video-archive-small	videosmallsize/videosoriginal/S54/S54_A10_T01.mp4	S54_A10_T01	VIDEO	VISUAL	570927	719bcc6b8cc7d108b70103d71d3a8fcdbdb1e56e354d4dc427e60dbb401a59ab	REQUIRED
vidimu-video-archive-small	videosmallsize/videosoriginal/S54/S54_A11_T01.mp4	S54_A11_T01	VIDEO	VISUAL	301897	88f3fc1aac723e369b39c25cfa6d0ba1e00daba07a8bf18934b587c0673dfcd2	REQUIRED
vidimu-video-archive-small	videosmallsize/videosoriginal/S54/S54_A12_T01.mp4	S54_A12_T01	VIDEO	VISUAL	312676	b3a77577a48be8a6c5a5070cf8e075ad3b8a5379ca4cd44962f71264d3f9a649	REQUIRED
vidimu-video-archive-small	videosmallsize/videosoriginal/S54/S54_A13_T02.mp4	S54_A13_T02	VIDEO	VISUAL	240188	4482a01d18fea77ee38d9072844782c9b87b454b3b2bfebd722df1808a3011bd	REQUIRED
vidimu-video-archive-small	videosmallsize/videosoriginal/S55/S55_A01_T02.mp4	S55_A01_T02	VIDEO	VISUAL	1196928	cc9ef0c828fad42cd22f25a4234a0ac79088f0c6af919a264736a3861d2f5d4e	REQUIRED
vidimu-video-archive-small	videosmallsize/videosoriginal/S55/S55_A02_T01.mp4	S55_A02_T01	VIDEO	VISUAL	1490004	c41c863f1109d1e7ff61ffd5f0ff13653da205b407568bfaa2629b7120538fb7	REQUIRED
vidimu-video-archive-small	videosmallsize/videosoriginal/S55/S55_A03_T02.mp4	S55_A03_T02	VIDEO	VISUAL	1031431	79e60f4db2f9ca492c1e483076f5cd205ad403b09d5cd9903a9985f19825e544	REQUIRED
vidimu-video-archive-small	videosmallsize/videosoriginal/S55/S55_A04_T02.mp4	S55_A04_T02	VIDEO	VISUAL	629236	4a6cdac77c2780e25cea05a9b506a9a20bd8885821774302fa290879ce65c85c	REQUIRED
vidimu-video-archive-small	videosmallsize/videosoriginal/S55/S55_A05_T02.mp4	S55_A05_T02	VIDEO	VISUAL	451649	28becfbd64662b6e8735e6096201a1a86d267b6476f5dadbe657553a579b7c91	REQUIRED
vidimu-video-archive-small	videosmallsize/videosoriginal/S55/S55_A06_T03.mp4	S55_A06_T03	VIDEO	VISUAL	434702	9df433f6808641aeb1253c784297e0c535c28b7afdd0eb9f140bfdd168f60564	REQUIRED
vidimu-video-archive-small	videosmallsize/videosoriginal/S55/S55_A07_T02.mp4	S55_A07_T02	VIDEO	VISUAL	414646	f99ad7e58de66747d68fde7091fddfbb42e132b2838a148cb60afec9485068fe	REQUIRED
vidimu-video-archive-small	videosmallsize/videosoriginal/S55/S55_A08_T01.mp4	S55_A08_T01	VIDEO	VISUAL	427014	5e76080a07ed334251930e2a9c7347d37e8b382d12b4b36c9ba2b72bf5a7af27	REQUIRED
vidimu-video-archive-small	videosmallsize/videosoriginal/S55/S55_A09_T01.mp4	S55_A09_T01	VIDEO	VISUAL	407362	45b2da320b2560c5f0bd720fbbff2b7a10e473f585d1a3b018cf6e724c0c2475	REQUIRED
vidimu-video-archive-small	videosmallsize/videosoriginal/S55/S55_A10_T03.mp4	S55_A10_T03	VIDEO	VISUAL	631334	3d47de14bd50ebae1d741480302d98f9745fd7ab4517f05703340755fb908cdc	REQUIRED
vidimu-video-archive-small	videosmallsize/videosoriginal/S55/S55_A11_T01.mp4	S55_A11_T01	VIDEO	VISUAL	380445	440f77e627847b9a30bcd290a8e41aa79f76851887c8fa7ba707eeb5b9cd3847	REQUIRED
vidimu-video-archive-small	videosmallsize/videosoriginal/S55/S55_A12_T01.mp4	S55_A12_T01	VIDEO	VISUAL	356227	c273c04beb0741b53f41e2fdd56ff8b4aab2050b8e678e8708df289dcf0296bc	REQUIRED
vidimu-video-archive-small	videosmallsize/videosoriginal/S55/S55_A13_T02.mp4	S55_A13_T02	VIDEO	VISUAL	296591	82dc673c533532d0c0d8a2c118cb85c8238d840437af825fee64a3f9558a390a	REQUIRED
vidimu-video-archive-small	videosmallsize/videosoriginal/S56/S56_A01_T01.mp4	S56_A01_T01	VIDEO	VISUAL	879239	5e5b4c0abfae5b4c991c796ba14ecb40ebaba4140a7358a3ed4b4facec98040d	REQUIRED
vidimu-video-archive-small	videosmallsize/videosoriginal/S56/S56_A02_T02.mp4	S56_A02_T02	VIDEO	VISUAL	934460	f5ae375cb03c2dc140bf0cdb9311c63c7328d1ab895eaf5dcdc0cac4b67de081	REQUIRED
vidimu-video-archive-small	videosmallsize/videosoriginal/S56/S56_A03_T01.mp4	S56_A03_T01	VIDEO	VISUAL	906636	9885fa121af577a411b4e9bf738adab5acec12662685aa403ba9ffa6604e30ba	REQUIRED
vidimu-video-archive-small	videosmallsize/videosoriginal/S56/S56_A04_T01.mp4	S56_A04_T01	VIDEO	VISUAL	543530	71f5390770ecd968e311c94d0346c81b69b63c546aa9468b4c2e35f3becefb41	REQUIRED
vidimu-video-archive-small	videosmallsize/videosoriginal/S56/S56_A05_T01.mp4	S56_A05_T01	VIDEO	VISUAL	354216	2265aa415974f80561519df9b2d9b115e354f57647e00dcc3c5110fb38de7dc8	REQUIRED
vidimu-video-archive-small	videosmallsize/videosoriginal/S56/S56_A06_T02.mp4	S56_A06_T02	VIDEO	VISUAL	314793	23eae8b99bc030793168ba73cc7766b105180ba63ebd5cd99ae8ece947657a70	REQUIRED
vidimu-video-archive-small	videosmallsize/videosoriginal/S56/S56_A07_T01.mp4	S56_A07_T01	VIDEO	VISUAL	277953	d7732b4797b9313c5e7fe731849bcc99548bfa1da17bdb060e0771b6084948e3	REQUIRED
vidimu-video-archive-small	videosmallsize/videosoriginal/S56/S56_A08_T02.mp4	S56_A08_T02	VIDEO	VISUAL	250952	87b85aeb373f433d395f9393dae0e35b1faec5d482c9655784ac0142577511b7	REQUIRED
vidimu-video-archive-small	videosmallsize/videosoriginal/S56/S56_A09_T01.mp4	S56_A09_T01	VIDEO	VISUAL	340395	944168330d95800ef142944c38af50c4c1b19f2273ca789605f1d8106917356a	REQUIRED
vidimu-video-archive-small	videosmallsize/videosoriginal/S56/S56_A10_T01.mp4	S56_A10_T01	VIDEO	VISUAL	443695	4f28b911f0946c6d5aef7e0e3d2cf2766e9a71222f63cfbd076430c6548119c3	REQUIRED
vidimu-video-archive-small	videosmallsize/videosoriginal/S56/S56_A11_T02.mp4	S56_A11_T02	VIDEO	VISUAL	214010	67ab785798c04f498f50e8639b36949f8d27cc8f83012d06a4797816cca91aab	REQUIRED
vidimu-video-archive-small	videosmallsize/videosoriginal/S56/S56_A12_T02.mp4	S56_A12_T02	VIDEO	VISUAL	224356	61176b34e111dde5cd3813f6f824edc4d6dc5367ecdab978c623fff347005fe4	REQUIRED
vidimu-video-archive-small	videosmallsize/videosoriginal/S56/S56_A13_T02.mp4	S56_A13_T02	VIDEO	VISUAL	215840	a1b800b44eefca8b61a3a0897d8f40b68470c74a4832c9275ff2ae8d1431fffe	REQUIRED
vidimu-video-archive-small	videosmallsize/videosoriginal/S57/S57_A01_T02.mp4	S57_A01_T02	VIDEO	VISUAL	768206	068cb138bb99258d4eabe549af16ad4b6635b2bf9fc637564a32e66f4749d365	REQUIRED
vidimu-video-archive-small	videosmallsize/videosoriginal/S57/S57_A02_T03.mp4	S57_A02_T03	VIDEO	VISUAL	1224012	1b971802c4f4e8274652e1a77ac8cb3e5eda95abb2dd5e17906c8eac5eea418f	REQUIRED
vidimu-video-archive-small	videosmallsize/videosoriginal/S57/S57_A03_T01.mp4	S57_A03_T01	VIDEO	VISUAL	815988	767a2c0fc9af4b069628f1b9465b18453dc8c51dea9dd9b2c2190c0678b6fab6	REQUIRED
vidimu-video-archive-small	videosmallsize/videosoriginal/S57/S57_A04_T01.mp4	S57_A04_T01	VIDEO	VISUAL	452053	c311b0d1903304dd33dda5cc8a2e08ae6feb49c365222318071892e417175795	REQUIRED
vidimu-video-archive-small	videosmallsize/videosoriginal/S57/S57_A05_T02.mp4	S57_A05_T02	VIDEO	VISUAL	518772	2be04816cb3155d3debced6e05dad99e1a1cca617309f102f932d22a75edaaf1	REQUIRED
vidimu-video-archive-small	videosmallsize/videosoriginal/S57/S57_A06_T01.mp4	S57_A06_T01	VIDEO	VISUAL	476223	95fb00c9eeb3fcd890be46ce04c80240d39bc37db8d5a804f1939780ed023caa	REQUIRED
vidimu-video-archive-small	videosmallsize/videosoriginal/S57/S57_A07_T01.mp4	S57_A07_T01	VIDEO	VISUAL	420599	6aea476f7f3fb60ba0bb0fc701196f21a1d3d8dd209feb34fe02934503ad6cc7	REQUIRED
vidimu-video-archive-small	videosmallsize/videosoriginal/S57/S57_A08_T01.mp4	S57_A08_T01	VIDEO	VISUAL	394402	f43e350ce0e26b59a6a03a642f02a34aba3a55da461b3b3dc5b5676bd938db3d	REQUIRED
vidimu-video-archive-small	videosmallsize/videosoriginal/S57/S57_A09_T01.mp4	S57_A09_T01	VIDEO	VISUAL	610164	822dcc3849b47e1c3e3a98261559f2f0f801153bbd7c928a21798997cdc8066e	REQUIRED
vidimu-video-archive-small	videosmallsize/videosoriginal/S57/S57_A10_T02.mp4	S57_A10_T02	VIDEO	VISUAL	385578	c61f5fe2812326fc20a13976ff03eb163c9b89edab57208aca06847693cd5a3d	REQUIRED
vidimu-video-archive-small	videosmallsize/videosoriginal/S57/S57_A11_T01.mp4	S57_A11_T01	VIDEO	VISUAL	285199	bce0e7b3fc7e9f981039ccd4cfa8acadadfd027cd289003aea3e04827bc165a8	REQUIRED
vidimu-video-archive-small	videosmallsize/videosoriginal/S57/S57_A12_T01.mp4	S57_A12_T01	VIDEO	VISUAL	265301	ab7f7d1a4472175a060157845c19fcb1d34b17fb2e0824f662037d29ef93fcc0	REQUIRED
vidimu-video-archive-small	videosmallsize/videosoriginal/S57/S57_A13_T01.mp4	S57_A13_T01	VIDEO	VISUAL	304943	5ec008a6f7340af2272b5065279c249a57db0bccd653c138e6b1892b9322388d	REQUIRED
